book_id,goodreads_book_id,best_book_id,work_id,books_count,isbn,isbn13,authors,original_publication_year,original_title,title,language_code,average_rating,ratings_count,work_ratings_count,work_text_reviews_count,ratings_1,ratings_2,ratings_3,ratings_4,ratings_5,image_url,small_image_url,edu_score,fiction_score,offscope_score
92,1202,1202,5397,124,61234001,9780061234000.0,"Steven D. Levitt, Stephen J. Dubner",2005.0,Freakonomics: A Rogue Economist Explores the Hidden Side of Everything,"Freakonomics: A Rogue Economist Explores the Hidden Side of Everything (Freakonomics, #1)",en-US,3.93,524191,549301,13668,14586,26538,115789,216316,176072,https://images.gr-assets.com/books/1327909092m/1202.jpg,https://images.gr-assets.com/books/1327909092s/1202.jpg,7174,4061,45.0
127,2612,2612,2124255,100,316346624,9780316346630.0,Malcolm Gladwell,2000.0,The Tipping Point: How Little Things Can Make a Big Difference,The Tipping Point: How Little Things Can Make a Big Difference,eng,3.92,490504,499066,10895,15111,25871,106453,189120,162511,https://images.gr-assets.com/books/1473396980m/2612.jpg,https://images.gr-assets.com/books/1473396980s/2612.jpg,15175,8858,0.0
193,3228917,3228917,3364437,120,316017922,9780316017920.0,Malcolm Gladwell,2008.0,Outliers: The Story of Success,Outliers: The Story of Success,en-US,4.11,353011,369126,19383,4494,12545,62510,148978,140599,https://images.gr-assets.com/books/1344266315m/3228917.jpg,https://images.gr-assets.com/books/1344266315s/3228917.jpg,6948,3581,0.0
208,6493208,6493208,6684634,66,1400052173,9781400052170.0,Rebecca Skloot,2010.0,The Immortal Life of Henrietta Lacks,The Immortal Life of Henrietta Lacks,eng,4.04,377249,404440,28624,10782,18237,70339,151226,153856,https://images.gr-assets.com/books/1327878144m/6493208.jpg,https://images.gr-assets.com/books/1327878144s/6493208.jpg,15437,12248,2941.0
211,40102,40102,1180927,116,316010669,9780316010660.0,Malcolm Gladwell,2005.0,Blink: The Power of Thinking Without Thinking,Blink: The Power of Thinking Without Thinking,en-US,3.89,348196,360338,12215,6804,20128,85934,139947,107525,https://s.gr-assets.com/assets/nophoto/book/111x148-bcc042a9c91a29c1d680899eff700a03.png,https://s.gr-assets.com/assets/nophoto/book/50x75-a91bf249278a81aabab721ef782c4a74.png,14963,8670,0.0
247,36072,36072,6277,250,743269519,9780743269510.0,Stephen R. Covey,1989.0,The 7 Habits of Highly Effective People,The 7 Habits of Highly Effective People: Powerful Lessons in Personal Change,en-US,4.05,314700,333884,6148,9038,17041,61036,109359,137410,https://images.gr-assets.com/books/1421842784m/36072.jpg,https://images.gr-assets.com/books/1421842784s/36072.jpg,10008,2963,0.0
260,4865,4865,2370171,353,,9780671723650.0,Dale Carnegie,1936.0,How to Win Friends and Influence People,How to Win Friends and Influence People,eng,4.13,282623,305437,7909,6734,13880,50529,94743,139551,https://images.gr-assets.com/books/1442726934m/4865.jpg,https://images.gr-assets.com/books/1442726934s/4865.jpg,5414,3431,0.0
303,52529,52529,2001660,113,1582701709,9781582701710.0,Rhonda Byrne,2006.0,The Secret,"The Secret (The Secret, #1)",eng,3.62,241537,250945,9663,23328,26321,55785,61698,83813,https://images.gr-assets.com/books/1482865039m/52529.jpg,https://images.gr-assets.com/books/1482865039s/52529.jpg,3053,1388,603.0
315,4894,4894,3332594,128,91883768,9780091883770.0,"Spencer Johnson, Kenneth H. Blanchard",1998.0,Who Moved My Cheese?,Who Moved My Cheese?,eng,3.74,237272,253134,7877,12161,23384,61934,77196,78459,https://s.gr-assets.com/assets/nophoto/book/111x148-bcc042a9c91a29c1d680899eff700a03.png,https://s.gr-assets.com/assets/nophoto/book/50x75-a91bf249278a81aabab721ef782c4a74.png,5470,1992,15.0
329,2318271,2318271,3364076,111,1401323251,9781401323260.0,"Randy Pausch, Jeffrey Zaslow",2008.0,The Last Lecture,The Last Lecture,eng,4.25,241869,248143,14988,3004,8851,35547,76621,124120,https://images.gr-assets.com/books/1388075896m/2318271.jpg,https://images.gr-assets.com/books/1388075896s/2318271.jpg,2851,2214,2166.0
374,21,21,2305997,155,076790818X,9780767908180.0,Bill Bryson,2003.0,A Short History of Nearly Everything,A Short History of Nearly Everything,en-US,4.19,191535,206367,9065,3514,7196,29992,71534,94131,https://s.gr-assets.com/assets/nophoto/book/111x148-bcc042a9c91a29c1d680899eff700a03.png,https://s.gr-assets.com/assets/nophoto/book/50x75-a91bf249278a81aabab721ef782c4a74.png,4905,3368,534.0
385,8520610,8520610,13387396,86,307352145,9780307352150.0,Susan Cain,2012.0,Quiet: The Power of Introverts in a World that Can't Stop Talking,Quiet: The Power of Introverts in a World That Can't Stop Talking,eng,4.04,202135,221729,17573,5116,10093,39869,82757,83894,https://images.gr-assets.com/books/1328562861m/8520610.jpg,https://images.gr-assets.com/books/1328562861s/8520610.jpg,2933,1635,83.0
398,1097,1097,2207547,61,60838582,9780060838580.0,Eric Schlosser,2001.0,Fast Food Nation : The Dark Side of the All-American Meal ,Fast Food Nation: The Dark Side of the All-American Meal,eng,3.73,179347,183361,5063,7881,12314,47602,69009,46555,https://s.gr-assets.com/assets/nophoto/book/111x148-bcc042a9c91a29c1d680899eff700a03.png,https://s.gr-assets.com/assets/nophoto/book/50x75-a91bf249278a81aabab721ef782c4a74.png,5781,5388,1678.0
403,10534,10534,3200649,1865,1590302257,9781590302260.0,"Sun Tzu, Thomas Cleary",-500.0,孫子兵法 [Sūnzi bīngfǎ],The Art of War,eng,3.95,167332,203948,6335,2930,11589,48265,70644,70520,https://images.gr-assets.com/books/1453417993m/10534.jpg,https://images.gr-assets.com/books/1453417993s/10534.jpg,7481,3941,93.0
408,1842,1842,2138852,118,739467352,9780739467350.0,Jared Diamond,1997.0,"Guns, Germs, and Steel: The Fates of Human Societies","Guns, Germs, and Steel: The Fates of Human Societies",eng,4.0,171558,185443,7872,4352,9752,35299,68549,67491,https://images.gr-assets.com/books/1453215833m/1842.jpg,https://images.gr-assets.com/books/1453215833s/1842.jpg,3357,2496,33.0
412,567795,23878688,832090,147,1881273156,9781881273160.0,Gary Chapman,1990.0,The Five Love Languages: How to Express Heartfelt Commitment to Your Mate,The Five Love Languages: How to Express Heartfelt Commitment to Your Mate,en-US,4.23,165675,195438,7647,2672,6275,29306,63108,94077,https://images.gr-assets.com/books/1369401342m/567795.jpg,https://images.gr-assets.com/books/1369401342s/567795.jpg,4033,2411,1387.0
439,3869,3869,2192250,246,553380168,9780553380160.0,"Stephen Hawking, Cao Chi, Phạm Văn Thiều",1987.0,A Brief History of Time: From the Big Bang to Black Holes,A Brief History of Time,eng,4.12,165628,181410,5146,2487,6028,30632,70364,71899,https://images.gr-assets.com/books/1333578746m/3869.jpg,https://images.gr-assets.com/books/1333578746s/3869.jpg,12597,5745,0.0
462,2784,2784,2507145,34,140135154,9780140135150.0,John Berger,1972.0,Ways of Seeing,Ways of Seeing,eng,3.75,155658,156859,790,13276,13342,32193,39251,58797,https://images.gr-assets.com/books/1464018308m/2784.jpg,https://images.gr-assets.com/books/1464018308s/2784.jpg,1210,833,0.0
470,17851885,17851885,24987300,129,316322407,9780316322410.0,"Malala Yousafzai, Christina Lamb",2012.0,I Am Malala: The Girl Who Stood Up for Education and Was Shot by the Taliban,I Am Malala: The Story of the Girl Who Stood Up for Education and Was Shot by the Taliban,eng,4.06,214412,227850,14667,7433,9470,38518,77944,94485,https://images.gr-assets.com/books/1375414895m/17851885.jpg,https://images.gr-assets.com/books/1375414895s/17851885.jpg,5427,5427,4643.0
472,4069,4069,3389674,187,080701429X,9780807014300.0,Viktor E. Frankl,1946.0,…trotzdem Ja zum Leben sagen: Ein Psychologe erlebt das Konzentrationslager,Man's Search for Meaning,eng,4.33,171281,193751,10147,2161,4948,23224,59644,103774,https://images.gr-assets.com/books/1467136625m/4069.jpg,https://images.gr-assets.com/books/1467136625s/4069.jpg,10180,4471,2758.0
474,14743,14743,3044365,104,618680004,9780618680010.0,Richard Dawkins,2006.0,The God Delusion,The God Delusion,eng,3.89,162740,176774,6812,9571,11019,31723,60769,63692,https://images.gr-assets.com/books/1347220693m/14743.jpg,https://images.gr-assets.com/books/1347220693s/14743.jpg,9219,5374,2853.0
479,28862,28862,1335445,1654,937832383,9780937832390.0,"Niccolò Machiavelli, Adolph Caso, Rufus Goodwin, Benjamin Martinez",1513.0,Il Principe,The Prince,eng,3.78,153128,181980,5389,4222,14222,49930,63294,50312,https://s.gr-assets.com/assets/nophoto/book/111x148-bcc042a9c91a29c1d680899eff700a03.png,https://s.gr-assets.com/assets/nophoto/book/50x75-a91bf249278a81aabab721ef782c4a74.png,4961,1253,39.0
508,1869,1869,1840613,57,805063897,9780805063900.0,Barbara Ehrenreich,2001.0,Nickel and Dimed: On (Not) Getting By in America,Nickel and Dimed: On (Not) Getting By in America,eng,3.6,152786,157470,5723,10628,14572,40395,53783,38092,https://s.gr-assets.com/assets/nophoto/book/111x148-bcc042a9c91a29c1d680899eff700a03.png,https://s.gr-assets.com/assets/nophoto/book/50x75-a91bf249278a81aabab721ef782c4a74.png,1022,736,259.0
537,12609433,12609433,17624817,92,1400069289,9781400069290.0,Charles Duhigg,2011.0,The Power of Habit,The Power of Habit: Why We Do What We Do in Life and Business,eng,4.03,155977,170269,9515,3239,6918,33079,66044,60989,https://images.gr-assets.com/books/1366758683m/12609433.jpg,https://images.gr-assets.com/books/1366758683s/12609433.jpg,2704,641,0.0
546,629,629,175720,181,60589469,9780060589460.0,Robert M. Pirsig,1974.0,Zen and the Art of Motorcycle Maintenance,Zen and the Art of Motorcycle Maintenance: An Inquiry Into Values,eng,3.76,139411,153992,6535,6589,14196,36227,49874,47106,https://images.gr-assets.com/books/1410136019m/629.jpg,https://images.gr-assets.com/books/1410136019s/629.jpg,5111,3274,1591.0
550,3109,3109,3287769,54,1594200823,9781594200820.0,Michael Pollan,2006.0,The Omnivore's Dilemma,The Omnivore's Dilemma: A Natural History of Four Meals,eng,4.17,133271,147664,11843,1566,4451,22055,58252,61340,https://images.gr-assets.com/books/1393804353m/3109.jpg,https://images.gr-assets.com/books/1393804353s/3109.jpg,7696,6801,3688.0
573,1274,1274,55001,202,60574216,9780060574220.0,John Gray,1998.0,"Men Are from Mars, Women Are from Venus Book of Days: 365 Inspirations to Enrich Your Relationships","Men Are from Mars, Women Are from Venus",en-US,3.52,113915,129520,4191,8235,15283,38147,36751,31104,https://s.gr-assets.com/assets/nophoto/book/111x148-bcc042a9c91a29c1d680899eff700a03.png,https://s.gr-assets.com/assets/nophoto/book/50x75-a91bf249278a81aabab721ef782c4a74.png,2766,1376,0.0
580,222078,222078,215065,102,071483355X,9780714833550.0,E.H. Gombrich,1950.0,The Story of Art,The Story of Art,en-US,3.83,164708,166453,470,12639,13426,32492,39357,68539,https://s.gr-assets.com/assets/nophoto/book/111x148-bcc042a9c91a29c1d680899eff700a03.png,https://s.gr-assets.com/assets/nophoto/book/50x75-a91bf249278a81aabab721ef782c4a74.png,539,493,0.0
582,69571,69571,3366043,185,751532711,9780751532720.0,Robert T. Kiyosaki,1997.0,"Rich Dad , Poor Dad","Rich Dad, Poor Dad",eng,3.95,153764,173904,6790,5093,11346,35831,57062,64572,https://s.gr-assets.com/assets/nophoto/book/111x148-bcc042a9c91a29c1d680899eff700a03.png,https://s.gr-assets.com/assets/nophoto/book/50x75-a91bf249278a81aabab721ef782c4a74.png,5254,1420,41.0
619,11468377,11468377,16402639,106,374275637,9780374275630.0,Daniel Kahneman,2011.0,"Thinking, Fast and Slow","Thinking, Fast and Slow",eng,4.08,136950,149271,5715,3714,7025,25687,49723,63122,https://images.gr-assets.com/books/1317793965m/11468377.jpg,https://images.gr-assets.com/books/1317793965s/11468377.jpg,9415,2559,0.0
630,16071764,16071764,21865596,66,385349947,9780385349950.0,"Sheryl Sandberg, Nell Scovell",2013.0,"Lean In: Women, Work, and the Will to Lead","Lean In: Women, Work, and the Will to Lead",eng,3.94,135635,145331,10385,3688,7487,30825,55784,47547,https://images.gr-assets.com/books/1364250803m/16071764.jpg,https://images.gr-assets.com/books/1364250803s/16071764.jpg,5911,3580,498.0
663,2767,2767,2185591,83,60838655,9780060838650.0,Howard Zinn,1980.0,A People's History of the United States: 1492 to Present ,A People's History of the United States,eng,4.07,137372,142326,4320,6435,6926,21522,42751,64692,https://images.gr-assets.com/books/1494279423m/2767.jpg,https://images.gr-assets.com/books/1494279423s/2767.jpg,4389,4263,20.0
677,6289283,6289283,6473602,70,307266303,9780307266310.0,Christopher McDougall,2009.0,"Born to Run: A Hidden Tribe, Superathletes, and the Greatest Race the World Has Never Seen","Born to Run: A Hidden Tribe, Superathletes, and the Greatest Race the World Has Never Seen",eng,4.27,109642,121428,11605,1516,3182,15027,42605,59098,https://images.gr-assets.com/books/1320531983m/6289283.jpg,https://images.gr-assets.com/books/1320531983s/6289283.jpg,3742,3511,1166.0
680,1005,30186948,1199320,709,1585424331,9781585424340.0,Napoleon Hill,1937.0,Think and Grow Rich,Think and Grow Rich: The Landmark Bestseller - Now Revised and Updated for the 21st Century,eng,4.17,87445,117444,3272,2764,5469,18408,33331,57472,https://s.gr-assets.com/assets/nophoto/book/111x148-bcc042a9c91a29c1d680899eff700a03.png,https://s.gr-assets.com/assets/nophoto/book/50x75-a91bf249278a81aabab721ef782c4a74.png,1270,231,29.0
688,10847,10847,1723947,37,330419129,9780330419120.0,Jon Krakauer,2003.0,Under the Banner of Heaven: A Story of Violent Faith,Under the Banner of Heaven: A Story of Violent Faith,eng,3.98,112167,123697,8947,1958,5259,25101,52050,39329,https://images.gr-assets.com/books/1356441391m/10847.jpg,https://images.gr-assets.com/books/1356441391s/10847.jpg,5216,5195,2049.0
690,9742,9742,1716451,62,307237699,9780307237700.0,Barack Obama,2006.0,The Audacity of Hope: Thoughts on Reclaiming the American Dream,The Audacity of Hope: Thoughts on Reclaiming the American Dream,en-US,3.69,110873,114115,4511,7053,7808,28645,40177,30432,https://s.gr-assets.com/assets/nophoto/book/111x148-bcc042a9c91a29c1d680899eff700a03.png,https://s.gr-assets.com/assets/nophoto/book/50x75-a91bf249278a81aabab721ef782c4a74.png,2301,2163,1494.0
719,76334,76334,2567181,45,452287588,9780452287590.0,Eckhart Tolle,2005.0,A New Earth: Awakening to Your Life's Purpose,A New Earth: Awakening to Your Life's Purpose,eng,4.02,106211,113457,5862,4424,7162,19384,32949,49538,https://s.gr-assets.com/assets/nophoto/book/111x148-bcc042a9c91a29c1d680899eff700a03.png,https://s.gr-assets.com/assets/nophoto/book/50x75-a91bf249278a81aabab721ef782c4a74.png,2099,981,1360.0
744,6708,6708,840520,153,1577314808,9781577314810.0,Eckhart Tolle,1997.0,The Power of Now,The Power of Now: A Guide to Spiritual Enlightenment,eng,4.1,104549,112730,5376,3440,6131,17848,33175,52136,https://s.gr-assets.com/assets/nophoto/book/111x148-bcc042a9c91a29c1d680899eff700a03.png,https://s.gr-assets.com/assets/nophoto/book/50x75-a91bf249278a81aabab721ef782c4a74.png,2490,1278,1217.0
758,32145,32145,1188203,48,393324826,9780393324820.0,Mary Roach,2003.0,Stiff: The Curious Lives of Human Cadavers,Stiff: The Curious Lives of Human Cadavers,eng,4.05,122502,128102,10513,1992,5132,24229,49580,47169,https://images.gr-assets.com/books/1347656489m/32145.jpg,https://images.gr-assets.com/books/1347656489s/32145.jpg,10495,8077,524.0
772,30289,30289,1625515,842,140449140,9780140449140.0,"Plato, Desmond Lee",-380.0,Πολιτεία,The Republic,eng,3.9,110274,122747,2261,2772,7531,29394,42284,40766,https://s.gr-assets.com/assets/nophoto/book/111x148-bcc042a9c91a29c1d680899eff700a03.png,https://s.gr-assets.com/assets/nophoto/book/50x75-a91bf249278a81aabab721ef782c4a74.png,7105,1712,127.0
790,6596,6596,376130,82,1878424505,9781878424500.0,Miguel Ruiz,1997.0,"The Four Agreements: A Practical Guide to Personal Freedom, A Toltec Wisdom Book",The Four Agreements: A Practical Guide to Personal Freedom,,4.12,97016,112472,6132,2463,5818,19047,33836,51308,https://s.gr-assets.com/assets/nophoto/book/111x148-bcc042a9c91a29c1d680899eff700a03.png,https://s.gr-assets.com/assets/nophoto/book/50x75-a91bf249278a81aabab721ef782c4a74.png,1817,689,563.0
819,16902,16902,2361393,852,691096120,9780691096120.0,Henry David Thoreau,1854.0,Walden; or Life in the Woods,Walden,eng,3.79,108062,120653,3620,5092,10227,27683,39108,38543,https://images.gr-assets.com/books/1465675526m/16902.jpg,https://images.gr-assets.com/books/1465675526s/16902.jpg,4027,2770,1063.0
852,25899336,25899336,45424659,80,,,"Paul Kalanithi, Abraham Verghese",2016.0,When Breath Becomes Air,When Breath Becomes Air,eng,4.32,116771,165673,15933,2913,4244,18562,51535,88419,https://images.gr-assets.com/books/1492677644m/25899336.jpg,https://images.gr-assets.com/books/1492677644s/25899336.jpg,4499,4082,3668.0
870,2199,2199,2861004,40,743270754,9780743270760.0,"Doris Kearns Goodwin, Suzanne Toren",2005.0,Team of Rivals: The Political Genius of Abraham Lincoln,Team of Rivals: The Political Genius of Abraham Lincoln,eng,4.3,102923,107944,5875,3306,3095,11140,31184,59219,https://images.gr-assets.com/books/1347278868m/2199.jpg,https://images.gr-assets.com/books/1347278868s/2199.jpg,2737,2552,1486.0
874,13547180,13547180,19112736,35,145162137X,9781451621370.0,Susannah Cahalan,2012.0,Brain on Fire,Brain on Fire: My Month of Madness,eng,4.0,92849,103617,8593,1491,4253,21084,42730,34059,https://images.gr-assets.com/books/1353173297m/13547180.jpg,https://images.gr-assets.com/books/1353173297s/13547180.jpg,3864,3162,2641.0
878,13912,13912,2561274,59,571212921,9780571212930.0,Sylvia Nasar,1998.0,A Beautiful Mind,A Beautiful Mind,en-GB,4.12,98276,100629,1100,2044,3393,16728,36997,41467,https://s.gr-assets.com/assets/nophoto/book/111x148-bcc042a9c91a29c1d680899eff700a03.png,https://s.gr-assets.com/assets/nophoto/book/50x75-a91bf249278a81aabab721ef782c4a74.png,1321,958,1062.0
881,63697,63697,882844,124,684853949,9780684853950.0,Oliver Sacks,1985.0,The Man Who Mistook His Wife for a Hat and Other Clinical Tales,The Man Who Mistook His Wife for a Hat and Other Clinical Tales,en-US,4.04,102419,111090,4238,1549,4719,21880,42523,40419,https://images.gr-assets.com/books/1447047702m/63697.jpg,https://images.gr-assets.com/books/1447047702s/63697.jpg,9304,4943,75.0
892,15751404,15751404,21445709,68,316204366,9780316204360.0,Malcolm Gladwell,2011.0,David and Goliath,"David and Goliath: Underdogs, Misfits, and the Art of Battling Giants",eng,3.9,90083,101707,7317,1768,5208,24303,40901,29527,https://images.gr-assets.com/books/1391813567m/15751404.jpg,https://images.gr-assets.com/books/1391813567s/15751404.jpg,5220,3334,0.0
900,61535,61535,1746717,104,199291152,9780199291150.0,Richard Dawkins,1976.0,The Selfish Gene,The Selfish Gene,eng,4.11,96564,101017,2460,2783,4298,15845,33818,44273,https://images.gr-assets.com/books/1366758096m/61535.jpg,https://images.gr-assets.com/books/1366758096s/61535.jpg,4296,3137,66.0
920,22318578,22318578,41711738,94,1607747308,9781607747310.0,"Marie Kondō, Cathy Hirano",2011.0,人生がときめく片づけの魔法,The Life-Changing Magic of Tidying Up: The Japanese Art of Decluttering and Organizing,eng,3.77,105063,129409,17320,3885,10846,32775,44967,36936,https://images.gr-assets.com/books/1418767178m/22318578.jpg,https://images.gr-assets.com/books/1418767178s/22318578.jpg,8106,5968,0.0
932,76865,76865,1094028,63,66620996,9780066620990.0,James C. Collins,2001.0,Good to Great: Why Some Companies Make the Leap... and Others Don't,Good to Great: Why Some Companies Make the Leap... and Others Don't,eng,4.04,85277,88373,3100,1550,3682,16971,33234,32936,https://s.gr-assets.com/assets/nophoto/book/111x148-bcc042a9c91a29c1d680899eff700a03.png,https://s.gr-assets.com/assets/nophoto/book/50x75-a91bf249278a81aabab721ef782c4a74.png,950,79,0.0
956,5544,5544,321174,97,393316041,9780393316050.0,Richard Feynman,1984.0,"Surely You're Joking, Mr. Feynman! Adventures of a Curious Character","Surely You're Joking, Mr. Feynman!: Adventures of a Curious Character",en-US,4.29,91625,97719,3500,2080,2616,11036,30784,51203,https://images.gr-assets.com/books/1348445281m/5544.jpg,https://images.gr-assets.com/books/1348445281s/5544.jpg,3060,739,2549.0
969,1911,1911,711993,83,374292795,9780374292800.0,Thomas L. Friedman,2005.0,The World Is Flat: A Brief History of the Twenty-first Century,The World Is Flat: A Brief History of the Twenty-first Century,en-US,3.66,78271,83905,3277,3342,7529,22896,30500,19638,https://s.gr-assets.com/assets/nophoto/book/111x148-bcc042a9c91a29c1d680899eff700a03.png,https://s.gr-assets.com/assets/nophoto/book/50x75-a91bf249278a81aabab721ef782c4a74.png,3768,2209,0.0
973,6398634,6398634,6587328,73,61583251,9780061583250.0,Gretchen Rubin,2009.0,The Happiness Project,"The Happiness Project: Or Why I Spent a Year Trying to Sing in the Morning, Clean My Closets, Fight Right, Read Aristotle, and Generally Have More Fun",eng,3.57,94456,102878,10295,4381,11562,30145,34374,22416,https://images.gr-assets.com/books/1256849491m/6398634.jpg,https://images.gr-assets.com/books/1256849491s/6398634.jpg,3191,2079,818.0
983,25489625,25489625,44848425,36,812993543,9780812993550.0,Ta-Nehisi Coates,2015.0,Between the World and Me,Between the World and Me,eng,4.4,74218,102946,13113,1438,2375,9177,30541,59415,https://images.gr-assets.com/books/1451435027m/25489625.jpg,https://images.gr-assets.com/books/1451435027s/25489625.jpg,3050,3046,1456.0
985,6463967,26889576,6654434,57,393072231,9780393072240.0,Michael   Lewis,2009.0,The Big Short: Inside the Doomsday Machine,The Big Short: Inside the Doomsday Machine,en-US,4.26,37090,98272,5659,972,2139,12082,38479,44600,https://images.gr-assets.com/books/1453470736m/6463967.jpg,https://images.gr-assets.com/books/1453470736s/6463967.jpg,5260,2605,15.0
990,6732019,6732019,6928276,60,307463745,9780307463750.0,"Jason Fried, David Heinemeier Hansson",2010.0,Rework,Rework,eng,3.93,88626,92318,2938,3523,6109,18662,29118,34906,https://s.gr-assets.com/assets/nophoto/book/111x148-bcc042a9c91a29c1d680899eff700a03.png,https://s.gr-assets.com/assets/nophoto/book/50x75-a91bf249278a81aabab721ef782c4a74.png,3839,730,0.0
1046,23453112,23453112,43014915,39,1594206279,9781594206280.0,"Aziz Ansari, Eric Klinenberg",2015.0,Modern Romance,Modern Romance,eng,3.85,94231,105957,10334,1640,4958,26742,46453,26164,https://images.gr-assets.com/books/1432335014m/23453112.jpg,https://images.gr-assets.com/books/1432335014s/23453112.jpg,5597,5181,1966.0
1060,315425,315425,3100234,44,1594201455,9781594201460.0,Michael Pollan,2007.0,In Defense of Food: An Eater's Manifesto,In Defense of Food: An Eater's Manifesto,en-US,4.07,80434,85793,7003,707,2771,16427,35960,29928,https://s.gr-assets.com/assets/nophoto/book/111x148-bcc042a9c91a29c1d680899eff700a03.png,https://s.gr-assets.com/assets/nophoto/book/50x75-a91bf249278a81aabab721ef782c4a74.png,4543,4138,2797.0
1069,6402364,6402364,6591160,77,60889578,9780060889580.0,"Steven D. Levitt, Stephen J. Dubner",2009.0,"SuperFreakonomics: Global Cooling, Patriotic Prostitutes, and Why Suicide Bombers Should Buy Life Insurance","SuperFreakonomics: Global Cooling, Patriotic Prostitutes And Why Suicide Bombers Should Buy Life Insurance",en-US,3.95,85006,94086,3949,1272,4403,21584,36889,29938,https://images.gr-assets.com/books/1308117804m/6402364.jpg,https://images.gr-assets.com/books/1308117804s/6402364.jpg,3848,1286,24.0
1078,1633,1633,5759,115,142000280,9780142000280.0,David    Allen,2001.0,Getting Things Done: How To Achieve Stress-free Productivity,Getting Things Done: The Art of Stress-Free Productivity,en-GB,3.98,75665,82166,3586,2135,4336,16752,28650,30293,https://images.gr-assets.com/books/1312474060m/1633.jpg,https://images.gr-assets.com/books/1312474060s/1633.jpg,918,282,0.0
1099,57854,67896,100074,1265,679776192,9780679776190.0,"Lao Tzu, Gia-Fu Feng, Jane English, Chungliang Al Huang, Rowena Pattee Kryder, Toinette Lippe",-300.0,道德經 [dào dé jīng],Tao Te Ching,eng,4.31,39863,80961,3165,903,2332,10967,22924,43835,https://s.gr-assets.com/assets/nophoto/book/111x148-bcc042a9c91a29c1d680899eff700a03.png,https://s.gr-assets.com/assets/nophoto/book/50x75-a91bf249278a81aabab721ef782c4a74.png,597,125,543.0
1141,13099738,13099738,18272194,33,761169253,9780761169250.0,Austin Kleon,2010.0,Steal Like an Artist,Steal Like an Artist: 10 Things Nobody Told You About Being Creative,en-US,3.86,93625,97114,3270,6460,6550,18714,27654,37736,https://images.gr-assets.com/books/1404576602m/13099738.jpg,https://images.gr-assets.com/books/1404576602s/13099738.jpg,2568,1590,11.0
1148,12391521,12391521,14262366,47,1594485755,9781594485760.0,Jon Ronson,2011.0,The Psychopath Test,The Psychopath Test: A Journey Through the Madness Industry,eng,3.91,44097,86096,5455,1746,4168,19334,35362,25486,https://images.gr-assets.com/books/1364166270m/12391521.jpg,https://images.gr-assets.com/books/1364166270s/12391521.jpg,6777,4560,237.0
1154,1301,1301,416305,39,393324818,9780393324820.0,Michael   Lewis,2003.0,Moneyball: The Art of Winning an Unfair Game,Moneyball: The Art of Winning an Unfair Game,en-US,4.24,66406,71498,4030,807,1589,9096,27836,32170,https://s.gr-assets.com/assets/nophoto/book/111x148-bcc042a9c91a29c1d680899eff700a03.png,https://s.gr-assets.com/assets/nophoto/book/50x75-a91bf249278a81aabab721ef782c4a74.png,1050,681,523.0
1157,763362,763362,749449,86,688014291,9780688014290.0,"Kenneth H. Blanchard, Spencer Johnson",1981.0,The One Minute Manager,The One Minute Manager,en-US,3.85,70241,72185,1176,1858,4985,18226,23831,23285,https://s.gr-assets.com/assets/nophoto/book/111x148-bcc042a9c91a29c1d680899eff700a03.png,https://s.gr-assets.com/assets/nophoto/book/50x75-a91bf249278a81aabab721ef782c4a74.png,2222,408,0.0
1168,48757,48757,55188,67,1405204265,9781405204260.0,"Benjamin Hoff, Ernest H. Shepard",1982.0,The Tao of Pooh,The Tao of Pooh,eng,4.01,69975,77697,3027,1341,3865,16342,27011,29138,https://s.gr-assets.com/assets/nophoto/book/111x148-bcc042a9c91a29c1d680899eff700a03.png,https://s.gr-assets.com/assets/nophoto/book/50x75-a91bf249278a81aabab721ef782c4a74.png,3050,1549,1304.0
1188,368593,368593,1885647,106,307353133,9780307353140.0,Timothy Ferriss,2007.0,"The 4-Hour Workweek: Escape 9-5, Live Anywhere, and Join the New Rich",The 4-Hour Workweek,eng,3.84,66129,78785,4101,2637,6377,18156,25731,25884,https://s.gr-assets.com/assets/nophoto/book/111x148-bcc042a9c91a29c1d680899eff700a03.png,https://s.gr-assets.com/assets/nophoto/book/50x75-a91bf249278a81aabab721ef782c4a74.png,3317,1347,64.0
1189,43877,43877,43268,138,62515675,9780062515670.0,Robin S. Sharma,1996.0,The Monk Who Sold His Ferrari: A Fable About Fulfilling Your Dreams & Reaching Your Destiny,The Monk Who Sold His Ferrari: A Fable About Fulfilling Your Dreams  Reaching Your Destiny,eng,3.77,52031,65477,3517,2900,5582,14980,22014,20001,https://s.gr-assets.com/assets/nophoto/book/111x148-bcc042a9c91a29c1d680899eff700a03.png,https://s.gr-assets.com/assets/nophoto/book/50x75-a91bf249278a81aabab721ef782c4a74.png,534,309,175.0
1224,771,8049273,907243,75,375708111,9780375708110.0,Brian Greene,1999.0,"The Elegant Universe: Superstrings, Hidden Dimensions, and the Quest for the Ultimate Theory","The Elegant Universe: Superstrings, Hidden Dimensions, and the Quest for the Ultimate Theory",en-US,4.06,32626,69530,1563,1482,2773,12304,26557,26414,https://s.gr-assets.com/assets/nophoto/book/111x148-bcc042a9c91a29c1d680899eff700a03.png,https://s.gr-assets.com/assets/nophoto/book/50x75-a91bf249278a81aabab721ef782c4a74.png,4103,682,0.0
1234,67920,67920,2912372,36,446359408,9780446359400.0,Flora Rheta Schreiber,1973.0,Sybil,Sybil: The Classic True Story of a Woman Possessed by Sixteen Personalities,en-US,3.99,72493,73855,1271,1086,3345,16767,26328,26329,https://s.gr-assets.com/assets/nophoto/book/111x148-bcc042a9c91a29c1d680899eff700a03.png,https://s.gr-assets.com/assets/nophoto/book/50x75-a91bf249278a81aabab721ef782c4a74.png,1941,1437,707.0
1235,55030,55030,3237312,93,375508325,9780375508320.0,Carl Sagan,1980.0,Cosmos,Cosmos,eng,4.35,76440,81022,1833,1403,2044,8926,22885,45764,https://s.gr-assets.com/assets/nophoto/book/111x148-bcc042a9c91a29c1d680899eff700a03.png,https://s.gr-assets.com/assets/nophoto/book/50x75-a91bf249278a81aabab721ef782c4a74.png,6220,2536,0.0
1269,16213,16213,909325,67,385495226,9780385495230.0,Richard   Preston,1994.0,The Hot Zone: The Terrifying True Story of the Origins of the Ebola Virus,The Hot Zone: The Terrifying True Story of the Origins of the Ebola Virus,eng,4.1,72207,76615,3904,865,2675,14163,29413,29499,https://images.gr-assets.com/books/1413747743m/16213.jpg,https://images.gr-assets.com/books/1413747743s/16213.jpg,4011,3350,0.0
1272,8600,8600,854886,38,1592402038,9781592402040.0,Lynne Truss,2003.0,"Eats, Shoots and Leaves","Eats, Shoots & Leaves: The Zero Tolerance Approach to Punctuation",en-US,3.86,79117,84132,4230,1519,5028,21237,32009,24339,https://images.gr-assets.com/books/1473392595m/8600.jpg,https://images.gr-assets.com/books/1473392595s/8600.jpg,4513,4454,687.0
1294,43369,43369,3442838,83,446579807,9780446579800.0,Christopher Hitchens,2007.0,God is Not Great: How Religion Poisons Everything,god is Not Great: How Religion Poisons Everything,eng,3.96,64347,69948,3989,2982,3856,12657,24274,26179,https://images.gr-assets.com/books/1411218313m/43369.jpg,https://images.gr-assets.com/books/1411218313s/43369.jpg,2728,2265,1467.0
1303,347852,347852,2747475,94,671250671,9780671250680.0,M. Scott Peck,1978.0,"The Road Less Traveled:  A New Psychology of Love, Traditional Values, and Spiritual Growth","The Road Less Traveled: A New Psychology of Love, Traditional Values, and Spiritual Growth",en-US,4.03,61238,66741,1689,1319,3294,13426,22757,25945,https://images.gr-assets.com/books/1322673263m/347852.jpg,https://images.gr-assets.com/books/1322673263s/347852.jpg,2238,747,530.0
1307,10600242,10600242,15507935,56,91940737,9780091940740.0,Caitlin Moran,2011.0,How to Be a Woman,How to Be a Woman,eng,3.73,70446,79028,7362,3890,7041,18498,26706,22893,https://images.gr-assets.com/books/1405909800m/10600242.jpg,https://images.gr-assets.com/books/1405909800s/10600242.jpg,3460,3460,2934.0
1314,22463,22463,481941,1004,785819118,9780785819110.0,Charles Darwin,1859.0,On the Origin of Species by Means of Natural Selection or the Preservation of Favoured Races in the Struggle for Life,The Origin of Species,eng,3.97,64162,74056,1729,2513,4297,15150,22868,29228,https://s.gr-assets.com/assets/nophoto/book/111x148-bcc042a9c91a29c1d680899eff700a03.png,https://s.gr-assets.com/assets/nophoto/book/50x75-a91bf249278a81aabab721ef782c4a74.png,5963,2554,20.0
1344,6516450,6516450,6708278,61,316078573,9780316078570.0,Malcolm Gladwell,2009.0,What the Dog Saw and Other Adventures,What the Dog Saw and Other Adventures,eng,3.82,65277,70618,3896,1117,4118,19088,28218,18077,https://images.gr-assets.com/books/1344263875m/6516450.jpg,https://images.gr-assets.com/books/1344263875s/6516450.jpg,3754,2630,0.0
1349,817791,817791,808779,35,393330478,9780393330470.0,Michael   Lewis,2006.0,The Blind Side: Evolution of a Game,The Blind Side: Evolution of a Game,eng,4.16,37792,65619,3368,1235,2171,10263,22861,29089,https://s.gr-assets.com/assets/nophoto/book/111x148-bcc042a9c91a29c1d680899eff700a03.png,https://s.gr-assets.com/assets/nophoto/book/50x75-a91bf249278a81aabab721ef782c4a74.png,1121,1109,1096.0
1371,1713426,1713426,3074803,85,006135323X,9780061353240.0,Dan Ariely,2007.0,Predictably Irrational: The Hidden Forces that Shape Our Decisions,Predictably Irrational: The Hidden Forces That Shape Our Decisions,en-US,4.1,61496,67993,3748,820,2378,11522,27465,25808,https://s.gr-assets.com/assets/nophoto/book/111x148-bcc042a9c91a29c1d680899eff700a03.png,https://s.gr-assets.com/assets/nophoto/book/50x75-a91bf249278a81aabab721ef782c4a74.png,5037,1492,0.0
1384,38210,38210,1651617,94,1573221112,9781573221120.0,"Dalai Lama XIV, Howard C. Cutler",1998.0,The Art of Happiness: A Handbook for Living,The Art of Happiness,eng,4.14,61498,64415,1811,895,2240,11259,22402,27619,https://images.gr-assets.com/books/1309287434m/38210.jpg,https://images.gr-assets.com/books/1309287434s/38210.jpg,1092,357,633.0
1392,599,599,929649,16,743236017,9780743236010.0,Chuck Klosterman,2003.0,"Sex, Drugs, and Cocoa Puffs: A Low Culture Manifesto","Sex, Drugs, and Cocoa Puffs: A Low Culture Manifesto",en-US,3.75,56548,57867,3344,1756,4741,14755,21605,15010,https://images.gr-assets.com/books/1380742001m/599.jpg,https://images.gr-assets.com/books/1380742001s/599.jpg,1873,1859,599.0
1401,615570,615570,2210934,72,1585421464,9781585421470.0,Julia Cameron,1992.0,The Artist's Way: A Spiritual Path to Higher Creativity,The Artist's Way: A Spiritual Path to Higher Creativity,eng,3.89,66049,68129,1778,4362,4667,12282,19762,27056,https://images.gr-assets.com/books/1440952332m/615570.jpg,https://images.gr-assets.com/books/1440952332s/615570.jpg,1785,1129,259.0
1415,10127019,10127019,15024842,47,307887898,9780307887890.0,Eric Ries,2011.0,The Lean Startup‎,The Lean Startup: How Today's Entrepreneurs Use Continuous Innovation to Create Radically Successful Businesses,en-US,4.04,86284,90657,1854,2814,4154,15708,31854,36127,https://images.gr-assets.com/books/1333576876m/10127019.jpg,https://images.gr-assets.com/books/1333576876s/10127019.jpg,4238,548,0.0
1420,767171,767171,1437584,1,671728687,9780671728690.0,William L. Shirer,1960.0,The Rise and Fall of the Third Reich: A History of Nazi Germany,The Rise and Fall of the Third Reich: A History of Nazi Germany,eng,4.15,64391,68004,1943,1201,2344,11463,23137,29859,https://images.gr-assets.com/books/1331223772m/767171.jpg,https://images.gr-assets.com/books/1331223772s/767171.jpg,1604,1594,53.0
1432,30474,30474,2205479,983,140447571,9780140447580.0,"Karl Marx, Friedrich Engels, Gareth Stedman Jones",1848.0,Manifest der Kommunistischen Partei,The Communist Manifesto,eng,3.51,56464,70077,2910,3561,8413,22295,20537,15271,https://images.gr-assets.com/books/1420003664m/30474.jpg,https://images.gr-assets.com/books/1420003664s/30474.jpg,5630,2563,21.0
1446,6486483,6486483,6677843,28,974320625,9780974320620.0,"Travis Bradberry, Jean Greaves, Patrick Lencioni",2003.0,Emotional Intelligence 2.0,Emotional Intelligence 2.0,,3.81,53384,54382,649,2234,3927,13314,17439,17468,https://images.gr-assets.com/books/1328765863m/6486483.jpg,https://images.gr-assets.com/books/1328765863s/6486483.jpg,2219,566,0.0
1495,87640,87640,84604,7,60899190,9780060899200.0,Frank Warren,2005.0,PostSecret: Extraordinary Confessions from Ordinary Lives,PostSecret: Extraordinary Confessions from Ordinary Lives (PostSecret),,4.01,58841,59379,1061,2911,3039,10287,17389,25753,https://s.gr-assets.com/assets/nophoto/book/111x148-bcc042a9c91a29c1d680899eff700a03.png,https://s.gr-assets.com/assets/nophoto/book/50x75-a91bf249278a81aabab721ef782c4a74.png,509,468,179.0
1507,1134122,1134122,1121350,116,1416560610,9781416560620.0,Norman Vincent Peale,1952.0,The Power of Positive Thinking,The Power of Positive Thinking,eng,4.08,52704,54516,838,1265,2426,10192,17315,23318,https://s.gr-assets.com/assets/nophoto/book/111x148-bcc042a9c91a29c1d680899eff700a03.png,https://s.gr-assets.com/assets/nophoto/book/50x75-a91bf249278a81aabab721ef782c4a74.png,1172,296,115.0
1516,242472,242472,2157806,103,1400063515,9781400063510.0,Nassim Nicholas Taleb,2007.0,The Black Swan: The Impact of the Highly Improbable,The Black Swan: The Impact of the Highly Improbable,eng,3.88,53586,58766,3368,1861,4036,12599,20887,19383,https://s.gr-assets.com/assets/nophoto/book/111x148-bcc042a9c91a29c1d680899eff700a03.png,https://s.gr-assets.com/assets/nophoto/book/50x75-a91bf249278a81aabab721ef782c4a74.png,5315,1888,0.0
1524,27161156,27161156,47200486,30,62300547,9780062300550.0,J.D. Vance,2016.0,Hillbilly Elegy. A Memoir of a Family and Culture in Crisis,Hillbilly Elegy: A Memoir of a Family and Culture in Crisis,eng,3.99,80737,105770,13146,1429,4680,21299,44927,33435,https://images.gr-assets.com/books/1463569814m/27161156.jpg,https://images.gr-assets.com/books/1463569814s/27161156.jpg,3899,3800,3184.0
1527,21413662,21413662,40714465,59,544272994,9780544273000.0,Randall Munroe,2014.0,What If?: Serious Scientific Answers to Absurd Hypothetical Questions,What If?: Serious Scientific Answers to Absurd Hypothetical Questions,eng,4.17,60236,71829,5437,1387,2708,10945,24313,32476,https://images.gr-assets.com/books/1451351509m/21413662.jpg,https://images.gr-assets.com/books/1451351509s/21413662.jpg,6916,4397,1144.0
1577,20696006,20696006,40015533,62,805095152,9780805095160.0,Atul Gawande,2014.0,Being Mortal: Medicine and What Matters in the End,Being Mortal: Medicine and What Matters in the End,eng,4.4,56510,65567,8698,982,1507,5579,19732,37767,https://images.gr-assets.com/books/1408324949m/20696006.jpg,https://images.gr-assets.com/books/1408324949s/20696006.jpg,4284,3365,153.0
1601,26329,26329,587647,146,055380491X,9780553804910.0,Daniel Goleman,1995.0,Emotional Intelligence,Emotional Intelligence: Why It Can Matter More Than IQ,eng,3.98,47661,53141,1546,972,2454,11475,19883,18357,https://s.gr-assets.com/assets/nophoto/book/111x148-bcc042a9c91a29c1d680899eff700a03.png,https://s.gr-assets.com/assets/nophoto/book/50x75-a91bf249278a81aabab721ef782c4a74.png,1594,394,50.0
1621,6452796,6452796,6643001,63,1594488843,9781594488850.0,Daniel H. Pink,2008.0,Drive: The Surprising Truth About What Motivates Us,Drive: The Surprising Truth About What Motivates Us,,3.95,55889,59900,3120,1364,2883,12674,23552,19427,https://s.gr-assets.com/assets/nophoto/book/111x148-bcc042a9c91a29c1d680899eff700a03.png,https://s.gr-assets.com/assets/nophoto/book/50x75-a91bf249278a81aabab721ef782c4a74.png,5191,1699,17.0
1624,298275,298275,1319935,187,811201880,9780811201890.0,"Jean-Paul Sartre, Lloyd Alexander, Hayden Carruth",1938.0,La Nausée,Nausea,eng,3.91,50876,60910,1959,1414,3923,13419,22059,20095,https://images.gr-assets.com/books/1377674928m/298275.jpg,https://images.gr-assets.com/books/1377674928s/298275.jpg,1585,1543,17.0
1672,10235,10235,1639628,42,812973011,9780812973010.0,Tracy Kidder,2003.0,"Mountains Beyond Mountains: The Quest of Dr. Paul Farmer, a Man Who Would Cure the World","Mountains Beyond Mountains: The Quest of Dr. Paul Farmer, A Man Who Would Cure the World",eng,4.21,53019,55178,4220,674,1808,8174,19341,25181,https://s.gr-assets.com/assets/nophoto/book/111x148-bcc042a9c91a29c1d680899eff700a03.png,https://s.gr-assets.com/assets/nophoto/book/50x75-a91bf249278a81aabab721ef782c4a74.png,2035,1948,857.0
1683,1171,7865083,855103,44,140143459,9780140143450.0,Michael   Lewis,1989.0,Liar's Poker: Rising Through the Wreckage on Wall Street,Liar's Poker,en-US,4.16,22315,53700,1678,458,1513,8684,21374,21671,https://s.gr-assets.com/assets/nophoto/book/111x148-bcc042a9c91a29c1d680899eff700a03.png,https://s.gr-assets.com/assets/nophoto/book/50x75-a91bf249278a81aabab721ef782c4a74.png,1167,396,173.0
1684,1052,1052,5265,187,451205367,9780451205360.0,George S. Clason,1926.0,,The Richest Man in Babylon,eng,4.23,50206,55675,2524,734,2052,8411,17013,27465,https://images.gr-assets.com/books/1348336780m/1052.jpg,https://images.gr-assets.com/books/1348336780s/1052.jpg,2165,491,10.0
1692,10412,10412,822184,62,141694740X,9781416947400.0,"Greg Behrendt, Liz Tuccillo",2004.0,He's Just Not That Into You: The No-Excuses Truth to Understanding Guys,He's Just Not That Into You: The No-Excuses Truth to Understanding Guys,eng,3.65,49015,55865,3216,2597,6009,15398,16040,15821,https://s.gr-assets.com/assets/nophoto/book/111x148-bcc042a9c91a29c1d680899eff700a03.png,https://s.gr-assets.com/assets/nophoto/book/50x75-a91bf249278a81aabab721ef782c4a74.png,1548,1140,177.0
1705,28815,28815,29303,114,006124189X,9780061241900.0,Robert B. Cialdini,1984.0,Influence: The Psychology of Persuasion,Influence: The Psychology of Persuasion,eng,4.18,45874,52797,1980,876,2004,8199,17516,24202,https://s.gr-assets.com/assets/nophoto/book/111x148-bcc042a9c91a29c1d680899eff700a03.png,https://s.gr-assets.com/assets/nophoto/book/50x75-a91bf249278a81aabab721ef782c4a74.png,2043,615,0.0
1710,7507825,7507825,7800569,80,767919386,9780767919390.0,Bill Bryson,2010.0,At Home: A Short History of Private Life,At Home: A Short History of Private Life,eng,3.96,55296,61053,5259,995,2954,13153,24324,19627,https://images.gr-assets.com/books/1372727082m/7507825.jpg,https://images.gr-assets.com/books/1372727082s/7507825.jpg,3624,3511,376.0
1734,139069,139069,900140,75,078670621X,9780786706210.0,Alfred Lansing,1959.0,Endurance: Shackleton's incredible voyage,Endurance: Shackleton's Incredible Voyage,eng,4.36,50142,54026,3459,457,979,5939,18166,28485,https://images.gr-assets.com/books/1391329559m/139069.jpg,https://images.gr-assets.com/books/1391329559s/139069.jpg,1741,1681,543.0
1750,4866,4866,41052,175,671035975,9780671035980.0,Dale Carnegie,1944.0,How to Stop Worrying and Start Living,How to Stop Worrying and Start Living,en-GB,4.08,46797,51418,1325,1239,2243,9509,16637,21790,https://s.gr-assets.com/assets/nophoto/book/111x148-bcc042a9c91a29c1d680899eff700a03.png,https://s.gr-assets.com/assets/nophoto/book/50x75-a91bf249278a81aabab721ef782c4a74.png,1612,496,0.0
1761,6346975,6346975,6533383,63,159420229X,9781594202290.0,Joshua Foer,2011.0,Moonwalking with Einstein: The Art and Science of Remembering Everything,Moonwalking with Einstein: The Art and Science of Remembering Everything,eng,3.85,48816,53638,4129,1176,3035,13125,21575,14727,https://s.gr-assets.com/assets/nophoto/book/111x148-bcc042a9c91a29c1d680899eff700a03.png,https://s.gr-assets.com/assets/nophoto/book/50x75-a91bf249278a81aabab721ef782c4a74.png,3777,1939,328.0
1777,187633,187633,181353,15,961454733,9780961454740.0,"David Bayles, Ted Orland",1993.0,Art & Fear: Observations on the Perils (and Rewards) of Artmaking,Art and Fear: Observations on the Perils (and Rewards) of Artmaking,eng,3.67,47688,48226,742,4838,4278,10025,11923,17162,https://s.gr-assets.com/assets/nophoto/book/111x148-bcc042a9c91a29c1d680899eff700a03.png,https://s.gr-assets.com/assets/nophoto/book/50x75-a91bf249278a81aabab721ef782c4a74.png,584,420,0.0
1851,7170627,7170627,7580942,58,1439107955,9781439107960.0,Siddhartha Mukherjee,2010.0,The Emperor of All Maladies: A Biography of Cancer,The Emperor of All Maladies: A Biography of Cancer,eng,4.29,48117,53649,4907,749,1435,6492,18009,26964,https://images.gr-assets.com/books/1280771091m/7170627.jpg,https://images.gr-assets.com/books/1280771091s/7170627.jpg,5284,3531,145.0
1855,773038,773038,822128,66,1878424114,9781878424110.0,Deepak Chopra,2013.0,The Seven Spiritual Laws of Success: A Practical Guide to the Fulfillment of Your Dreams,The Seven Spiritual Laws of Success: A Practical Guide to the Fulfillment of Your Dreams,en-US,4.07,41427,42963,933,937,2052,8085,13673,18216,https://images.gr-assets.com/books/1344718433m/773038.jpg,https://images.gr-assets.com/books/1344718433s/773038.jpg,639,227,555.0
1859,12543,12543,841198,28,385480016,9780385480020.0,Anne Lamott,1994.0,Bird by Bird: Some Instructions on Writing and Life,Bird by Bird: Some Instructions on Writing and Life,,4.22,55606,57364,5306,482,1700,8345,20799,26038,https://images.gr-assets.com/books/1394996112m/12543.jpg,https://images.gr-assets.com/books/1394996112s/12543.jpg,3354,3166,746.0
1865,129603,129603,874208,93,8176210773,9788176210780.0,Louise L. Hay,1984.0,You Can Heal Your Life,You Can Heal Your Life,eng,4.14,44445,48122,1252,1311,2112,7972,13689,23038,https://s.gr-assets.com/assets/nophoto/book/111x148-bcc042a9c91a29c1d680899eff700a03.png,https://s.gr-assets.com/assets/nophoto/book/50x75-a91bf249278a81aabab721ef782c4a74.png,872,286,270.0
1877,33514,33514,35832,240,205313426,9780205313430.0,"William Strunk Jr., E.B. White",1918.0,The Elements of Style,The Elements of Style,en-US,4.19,46041,57655,2942,881,2233,9114,18026,27401,https://images.gr-assets.com/books/1393947922m/33514.jpg,https://images.gr-assets.com/books/1393947922s/33514.jpg,1274,1051,0.0
1888,12609,12609,14895,19,374525641,9780374525640.0,Anne Fadiman,1997.0,"The Spirit Catches You and You Fall Down: A Hmong Child, Her American Doctors, and the Collision of Two Cultures","The Spirit Catches You and You Fall Down: A Hmong Child, Her American Doctors, and the Collision of Two Cultures",en-US,4.14,47785,49870,3873,619,1861,8093,18674,20623,https://images.gr-assets.com/books/1432610033m/12609.jpg,https://images.gr-assets.com/books/1432610033s/12609.jpg,2573,2385,311.0
1897,2743,2743,23673,48,1558745157,9781558745160.0,Dave Pelzer,1997.0,,The Lost Boy (Dave Pelzer #2),eng,4.08,46847,50258,2495,510,2068,10426,17223,20031,https://images.gr-assets.com/books/1282635105m/2743.jpg,https://images.gr-assets.com/books/1282635105s/2743.jpg,1020,977,901.0
1926,69242,69242,1472304,50,1400064287,9781400064280.0,"Chip Heath, Dan Heath",2006.0,Made to Stick: Why Some Ideas Survive and Others Die,Made to Stick: Why Some Ideas Survive and Others Die,en-US,3.97,46736,48407,1967,1247,2347,9922,18142,16749,https://s.gr-assets.com/assets/nophoto/book/111x148-bcc042a9c91a29c1d680899eff700a03.png,https://s.gr-assets.com/assets/nophoto/book/50x75-a91bf249278a81aabab721ef782c4a74.png,2894,517,0.0
1967,30659,30659,31010,768,140449337,9780140449330.0,"Marcus Aurelius, Martin Hammond, Diskin Clay",180.0,Τὰ εἰς ἑαυτόν ,Meditations,eng,4.2,43876,55309,2613,825,2162,8561,17232,26529,https://images.gr-assets.com/books/1421618636m/30659.jpg,https://images.gr-assets.com/books/1421618636s/30659.jpg,921,254,349.0
1969,475,475,1041106,70,143036556,9780143036560.0,Jared Diamond,2004.0,Collapse: How Societies Chose to Fail or Succeed,Collapse: How Societies Choose to Fail or Succeed,en-GB,3.92,44238,47025,2667,779,2395,10680,19285,13886,https://s.gr-assets.com/assets/nophoto/book/111x148-bcc042a9c91a29c1d680899eff700a03.png,https://s.gr-assets.com/assets/nophoto/book/50x75-a91bf249278a81aabab721ef782c4a74.png,1398,1009,0.0
1973,93981,93981,1758256,321,1566195764,9781566195770.0,Sigmund Freud,1899.0,Die Traumdeutung,The Interpretation of Dreams,,3.81,41081,44144,571,1436,3378,11331,13933,14066,https://s.gr-assets.com/assets/nophoto/book/111x148-bcc042a9c91a29c1d680899eff700a03.png,https://s.gr-assets.com/assets/nophoto/book/50x75-a91bf249278a81aabab721ef782c4a74.png,1985,188,0.0
1985,8520362,8520362,13383926,80,553805371,9780553805380.0,"Stephen Hawking, Leonard Mlodinow",2010.0,The Grand Design,The Grand Design,eng,4.0,42687,46147,1962,1107,2090,9079,17175,16696,https://images.gr-assets.com/books/1320558363m/8520362.jpg,https://images.gr-assets.com/books/1320558363s/8520362.jpg,3589,1263,58.0
1992,759945,759945,746042,90,671646788,9780671646780.0,David J. Schwartz,1959.0,The Magic of Thinking Big,The Magic of Thinking Big,en-US,4.19,40023,42603,1163,640,1589,6992,13083,20299,https://images.gr-assets.com/books/1404632064m/759945.jpg,https://images.gr-assets.com/books/1404632064s/759945.jpg,1234,280,0.0
2036,7015403,7015403,7261277,49,159285849X,9781592858490.0,Brené Brown,2010.0,The Gifts of Imperfection,The Gifts of Imperfection: Let Go of Who You Think You're Supposed to Be and Embrace Who You Are,eng,4.17,46635,51734,3712,943,2048,7885,17437,23421,https://images.gr-assets.com/books/1369092544m/7015403.jpg,https://images.gr-assets.com/books/1369092544s/7015403.jpg,3230,1775,215.0
2060,13588356,13588356,19175758,44,1592407331,9781592407330.0,Brené Brown,2012.0,"Daring Greatly : How the Courage to Be Vulnerable Transforms the Way We Live, Love, Parent, and Lead","Daring Greatly: How the Courage to Be Vulnerable Transforms the Way We Live, Love, Parent, and Lead",,4.24,49636,55151,4612,861,1814,7428,18252,26796,https://images.gr-assets.com/books/1337110319m/13588356.jpg,https://images.gr-assets.com/books/1337110319s/13588356.jpg,4325,2395,279.0
2080,24453082,24453082,44044797,65,1594634718,9781594634710.0,Elizabeth Gilbert,2015.0,Big Magic: Creative Living Beyond Fear,Big Magic: Creative Living Beyond Fear,eng,3.9,67046,72361,6219,3003,4868,15539,22251,26700,https://images.gr-assets.com/books/1451446242m/24453082.jpg,https://images.gr-assets.com/books/1451446242s/24453082.jpg,1698,843,237.0
2132,113934,113934,462428,77,884271781,9780884271790.0,"Eliyahu M. Goldratt, Jeff Cox",1984.0,The Goal,The Goal: A Process of Ongoing Improvement,en-US,4.0,34837,38003,1432,970,2063,7257,13249,14464,https://images.gr-assets.com/books/1475538019m/113934.jpg,https://images.gr-assets.com/books/1475538019s/113934.jpg,550,153,0.0
2139,22543496,22543496,41987016,93,62301233,,Ashlee Vance,2015.0,"Elon Musk: Tesla, SpaceX, and the Quest for a Fantastic Future",Elon Musk: Inventing the Future,eng,4.25,55606,76605,4163,1940,1882,8573,27233,36977,https://images.gr-assets.com/books/1404411386m/22543496.jpg,https://images.gr-assets.com/books/1404411386s/22543496.jpg,2259,1033,1103.0
2163,174703,174703,257399,79,761121323,9780761121330.0,"Heidi Murkoff, Arlene Eisenberg, Sandee Hathaway",1969.0,What to Expect When You're Expecting,What to Expect When You're Expecting,,3.75,34120,40091,2441,2049,3488,9575,12437,12542,https://s.gr-assets.com/assets/nophoto/book/111x148-bcc042a9c91a29c1d680899eff700a03.png,https://s.gr-assets.com/assets/nophoto/book/50x75-a91bf249278a81aabab721ef782c4a74.png,1139,972,810.0
2166,18050143,18050143,25332940,50,804139296,9780804139300.0,"Peter Thiel, Blake  Masters",2014.0,"Zero to One: Notes on Start Ups, or How to Build the Future","Zero to One: Notes on Startups, or How to Build the Future",eng,4.17,47807,54697,2872,1018,1786,8004,19845,24044,https://images.gr-assets.com/books/1414347376m/18050143.jpg,https://images.gr-assets.com/books/1414347376s/18050143.jpg,2266,296,0.0
2175,16130,16130,1205304,6,143034758,9780143034760.0,Ron Chernow,2004.0,Alexander Hamilton,Alexander Hamilton,eng,4.26,46198,51554,4162,1034,1503,6338,17059,25620,https://s.gr-assets.com/assets/nophoto/book/111x148-bcc042a9c91a29c1d680899eff700a03.png,https://s.gr-assets.com/assets/nophoto/book/50x75-a91bf249278a81aabab721ef782c4a74.png,2194,2156,1482.0
2205,23692271,23692271,18962767,109,,,Yuval Noah Harari,2011.0,קיצור תולדות האנושות‎‎,Sapiens: A Brief History of Humankind,eng,4.41,52846,71074,6685,996,1627,6468,19971,42012,https://images.gr-assets.com/books/1420585954m/23692271.jpg,https://images.gr-assets.com/books/1420585954s/23692271.jpg,3860,3229,56.0
2220,4122,4122,147916,40,60566108,9780060566100.0,"James C. Collins, Jerry I. Porras",1994.0,Built to Last: Successful Habits of Visionary Companies,Built to Last: Successful Habits of Visionary Companies,eng,3.98,39618,40804,433,1104,1906,8092,15414,14288,https://images.gr-assets.com/books/1412047084m/4122.jpg,https://images.gr-assets.com/books/1412047084s/4122.jpg,1917,271,0.0
2226,17349,17349,252618,74,345409469,9780345409460.0,"Carl Sagan, Ann Druyan",1995.0,The Demon-Haunted World: Science as a Candle in the Dark,The Demon-Haunted World: Science as a Candle in the Dark,eng,4.27,40583,43024,1839,886,1432,5319,12986,22401,https://images.gr-assets.com/books/1405201597m/17349.jpg,https://images.gr-assets.com/books/1405201597s/17349.jpg,1691,748,237.0
2229,227603,227603,892616,30,1573225126,9781573225120.0,Elizabeth Wurtzel,1994.0,Prozac Nation,Prozac Nation,en-US,3.57,44408,46771,1526,1978,5481,14145,14063,11104,https://images.gr-assets.com/books/1282607176m/227603.jpg,https://images.gr-assets.com/books/1282607176s/227603.jpg,1427,1109,1273.0
2231,141565,141565,878268,34,525949690,9780525949700.0,Daniel J. Levitin,2006.0,This Is Your Brain on Music: The Science of a Human Obsession,This Is Your Brain on Music: The Science of a Human Obsession,,3.86,37465,39436,1266,1771,2677,8997,11758,14233,https://s.gr-assets.com/assets/nophoto/book/111x148-bcc042a9c91a29c1d680899eff700a03.png,https://s.gr-assets.com/assets/nophoto/book/50x75-a91bf249278a81aabab721ef782c4a74.png,2273,1181,0.0
2246,20604826,24724602,38053447,38,393244660,9780393244660.0,Michael   Lewis,2014.0,Flash Boys: A Wall Street Revolt,Flash Boys: A Wall Street Revolt,eng,4.12,18379,43613,3223,509,1293,7088,18473,16250,https://images.gr-assets.com/books/1404963230m/20604826.jpg,https://images.gr-assets.com/books/1404963230s/20604826.jpg,2513,1055,16.0
2253,39020,39020,38742,37,1400032059,9781400032050.0,Charles C. Mann,2005.0,1491: New Revelations of the Americas Before Columbus,1491: New Revelations of the Americas Before Columbus,eng,4.01,41815,43649,2811,1186,2008,8065,16264,16126,https://images.gr-assets.com/books/1327865228m/39020.jpg,https://images.gr-assets.com/books/1327865228s/39020.jpg,2423,2264,12.0
2255,361459,361459,1805379,50,679763309,9780679763310.0,Kay Redfield Jamison,1995.0,An Unquiet Mind: A Memoir of Moods and Madness,An Unquiet Mind: A Memoir of Moods and Madness,eng,4.03,41102,44200,2513,716,1971,8800,16428,16285,https://images.gr-assets.com/books/1350028748m/361459.jpg,https://images.gr-assets.com/books/1350028748s/361459.jpg,2563,1368,1571.0
2290,6604712,6604712,3149322,7,316069906,9780316069910.0,Jonathan Safran Foer,2009.0,Eating Animals,Eating Animals,eng,4.18,43238,47980,5125,481,1554,7200,18429,20316,https://images.gr-assets.com/books/1327877480m/6604712.jpg,https://images.gr-assets.com/books/1327877480s/6604712.jpg,3317,3053,1067.0
2295,4806,4806,1755348,79,802714625,9780802714630.0,"Dava Sobel, Neil Armstrong",1995.0,Longitude,Longitude: The True Story of a Lone Genius Who Solved the Greatest Scientific Problem of His Time,eng,3.95,38151,42215,1892,770,1872,9381,16959,13233,https://s.gr-assets.com/assets/nophoto/book/111x148-bcc042a9c91a29c1d680899eff700a03.png,https://s.gr-assets.com/assets/nophoto/book/50x75-a91bf249278a81aabab721ef782c4a74.png,3178,1797,407.0
2298,296662,296662,15653,22,684818868,9780684818860.0,James W. Loewen,1995.0,Lies My Teacher Told Me : Everything Your American History Textbook Got Wrong,Lies My Teacher Told Me,eng,3.96,37903,41542,2240,835,2139,8915,15812,13841,https://s.gr-assets.com/assets/nophoto/book/111x148-bcc042a9c91a29c1d680899eff700a03.png,https://s.gr-assets.com/assets/nophoto/book/50x75-a91bf249278a81aabab721ef782c4a74.png,1497,1469,16.0
2310,78427,78427,2393600,32,785289089,9780785289080.0,Dave Ramsey,2003.0,The Total Money Makeover: A Proven Plan for Financial Fitness,The Total Money Makeover: A Proven Plan for Financial Fitness,,4.29,37689,43267,3614,484,1197,5755,13875,21956,https://s.gr-assets.com/assets/nophoto/book/111x148-bcc042a9c91a29c1d680899eff700a03.png,https://s.gr-assets.com/assets/nophoto/book/50x75-a91bf249278a81aabab721ef782c4a74.png,1473,478,87.0
2318,998,998,5210,43,671015206,9780671015210.0,"Thomas J. Stanley, William D. Danko",1995.0,The Millionaire Next Door: The Surprising Secrets of America's Wealthy,The Millionaire Next Door: The Surprising Secrets of Americas Wealthy,eng,4.0,43937,46748,2049,645,2318,10382,16665,16738,https://s.gr-assets.com/assets/nophoto/book/111x148-bcc042a9c91a29c1d680899eff700a03.png,https://s.gr-assets.com/assets/nophoto/book/50x75-a91bf249278a81aabab721ef782c4a74.png,2812,869,0.0
2327,21343,21343,22516,67,787960756,9780787960760.0,Patrick Lencioni,2002.0,The Five Dysfunctions of a Team,The Five Dysfunctions of a Team: A Leadership Fable,eng,4.01,40239,43176,2106,835,1908,8766,16139,15528,https://images.gr-assets.com/books/1400841022m/21343.jpg,https://images.gr-assets.com/books/1400841022s/21343.jpg,2764,554,0.0
2329,313605,313605,1394134,83,140157352,9780140157350.0,"Roger Fisher, William Ury, Bruce Patton",1981.0,Getting to Yes: Negotiating agreement without giving in,Getting to Yes: Negotiating an Agreement Without Giving In,en-US,3.88,37205,40026,1113,772,2219,10217,14455,12363,https://s.gr-assets.com/assets/nophoto/book/111x148-bcc042a9c91a29c1d680899eff700a03.png,https://s.gr-assets.com/assets/nophoto/book/50x75-a91bf249278a81aabab721ef782c4a74.png,1344,358,0.0
2342,12321,12321,338580,658,014044923X,9780140449240.0,"Friedrich Nietzsche, R.J. Hollingdale, Michael Tanner",1886.0,Jenseits von Gut und Böse: Vorspiel einer Philosophie der Zukunft,Beyond Good and Evil,eng,4.01,37181,43322,1080,841,2112,8750,15897,15722,https://s.gr-assets.com/assets/nophoto/book/111x148-bcc042a9c91a29c1d680899eff700a03.png,https://s.gr-assets.com/assets/nophoto/book/50x75-a91bf249278a81aabab721ef782c4a74.png,681,317,180.0
2346,5632446,5632446,5803859,3,446546933,9780446546940.0,Dave Cullen,2009.0,Columbine,Columbine,eng,4.26,45029,48941,6131,547,1084,5926,18857,22527,https://s.gr-assets.com/assets/nophoto/book/111x148-bcc042a9c91a29c1d680899eff700a03.png,https://s.gr-assets.com/assets/nophoto/book/50x75-a91bf249278a81aabab721ef782c4a74.png,1421,1314,1043.0
2357,13839,13839,908398,32,375760393,9780375760400.0,Michael Pollan,2001.0,The Botany of Desire: A Plant's-Eye View of the World,The Botany of Desire: A Plant's-Eye View of the World,en-CA,4.05,37200,38145,2753,445,1529,7265,15258,13648,https://s.gr-assets.com/assets/nophoto/book/111x148-bcc042a9c91a29c1d680899eff700a03.png,https://s.gr-assets.com/assets/nophoto/book/50x75-a91bf249278a81aabab721ef782c4a74.png,3140,2247,901.0
2388,6828896,6828896,7039054,36,446563048,9780446563050.0,Tony Hsieh,2010.0,"Delivering Happiness: A Path to Profits, Passion, and Purpose","Delivering Happiness: A Path to Profits, Passion, and Purpose",,4.01,37601,39681,1820,1434,1964,7063,13582,15638,https://images.gr-assets.com/books/1344267716m/6828896.jpg,https://images.gr-assets.com/books/1344267716s/6828896.jpg,2119,438,137.0
2414,81948,81948,79122,31,887307280,9780887307290.0,Michael E. Gerber,1985.0,The E-Myth Revisited: Why Most Small Businesses Don't Work and What to Do About It,The E-Myth Revisited: Why Most Small Businesses Don't Work and What to Do About It,,3.98,37671,39123,1202,1442,2196,7417,12745,15323,https://s.gr-assets.com/assets/nophoto/book/111x148-bcc042a9c91a29c1d680899eff700a03.png,https://s.gr-assets.com/assets/nophoto/book/50x75-a91bf249278a81aabab721ef782c4a74.png,617,69,0.0
2421,1297985,1297985,2304379,68,676979785,9780676979790.0,Oliver Sacks,2007.0,Musicophilia: Tales of Music and the Brain,Musicophilia: Tales of Music and the Brain,eng,3.88,38152,41030,1905,1447,2585,9250,13740,14008,https://images.gr-assets.com/books/1320494159m/1297985.jpg,https://images.gr-assets.com/books/1320494159s/1297985.jpg,3468,1776,18.0
2439,2255,2255,856599,53,1932073205,9781932073200.0,Dan Millman,1980.0,Way of the Peaceful Warrior: A Book That Changes Lives,Way of the Peaceful Warrior: A Book That Changes Lives,en-US,4.13,34136,36716,1579,727,1749,6140,11511,16589,https://s.gr-assets.com/assets/nophoto/book/111x148-bcc042a9c91a29c1d680899eff700a03.png,https://s.gr-assets.com/assets/nophoto/book/50x75-a91bf249278a81aabab721ef782c4a74.png,548,382,471.0
2441,6178648,6178648,6358552,53,385523904,9780385523900.0,Barbara Demick,2009.0,Nothing to Envy: Ordinary Lives in North Korea,Nothing to Envy: Ordinary Lives in North Korea,eng,4.42,37284,44099,5488,318,533,3272,15958,24018,https://images.gr-assets.com/books/1320449375m/6178648.jpg,https://images.gr-assets.com/books/1320449375s/6178648.jpg,3546,3529,316.0
2442,866222,866222,856917,46,60753943,9780060753950.0,"Jack Welch, Suzy Welch",1992.0,Winning,Winning,,3.8,33160,33860,556,1525,2269,8119,11485,10462,https://images.gr-assets.com/books/1366775828m/866222.jpg,https://images.gr-assets.com/books/1366775828s/866222.jpg,1004,132,76.0
2444,3860977,3860977,3906123,37,618620117,9780618620110.0,Jonah Lehrer,2009.0,How We Decide,How We Decide,en-US,3.81,32507,33753,1401,1134,2113,8554,12116,9836,https://images.gr-assets.com/books/1382946716m/3860977.jpg,https://images.gr-assets.com/books/1382946716s/3860977.jpg,2546,1107,0.0
2465,56627,56627,152688,46,1400077427,9781400077430.0,Daniel Todd Gilbert,2006.0,Stumbling on Happiness,Stumbling on Happiness,eng,3.82,37601,39381,2166,980,2832,10042,13956,11571,https://images.gr-assets.com/books/1327947323m/56627.jpg,https://images.gr-assets.com/books/1327947323s/56627.jpg,2610,1450,0.0
2474,1303,1303,1297604,66,140280197,9780140280200.0,"Robert Greene, Joost Elffers",1988.0,The 48 Laws of Power,The 48 Laws of Power,,4.18,37613,40152,2166,927,1790,5953,12041,19441,https://s.gr-assets.com/assets/nophoto/book/111x148-bcc042a9c91a29c1d680899eff700a03.png,https://s.gr-assets.com/assets/nophoto/book/50x75-a91bf249278a81aabab721ef782c4a74.png,2617,793,14.0
2498,2715,2715,73206,43,142001619,9780142001620.0,Mark Kurlansky,2002.0,Salt: A World History,Salt: A World History,eng,3.73,39402,40735,2640,1381,3530,10799,14127,10898,https://images.gr-assets.com/books/1414608893m/2715.jpg,https://images.gr-assets.com/books/1414608893s/2715.jpg,2766,2521,903.0
2503,6117055,6117055,6295163,55,059306173X,9780593061730.0,Richard Dawkins,2009.0,The Greatest Show on Earth: The Evidence for Evolution,The Greatest Show on Earth: The Evidence for Evolution,en-GB,4.16,34088,37106,1620,872,1112,5169,13850,16103,https://images.gr-assets.com/books/1302127919m/6117055.jpg,https://images.gr-assets.com/books/1302127919s/6117055.jpg,4133,1715,118.0
2505,356896,356896,347061,100,055327757X,9780553277580.0,Og Mandino,1968.0,The Greatest Salesman in the World,The Greatest Salesman in the World,eng,4.19,35971,37674,969,637,1635,6134,10899,18369,https://images.gr-assets.com/books/1403192719m/356896.jpg,https://images.gr-assets.com/books/1403192719s/356896.jpg,533,204,81.0
2560,815716,815716,467474,57,785274316,9780785274320.0,"John C. Maxwell, Zig Ziglar",1998.0,The 21 Irrefutable Laws of Leadership,The 21 Irrefutable Laws of Leadership: Follow Them and People Will Follow You,eng,4.12,30255,31981,765,583,1283,5630,10674,13811,https://s.gr-assets.com/assets/nophoto/book/111x148-bcc042a9c91a29c1d680899eff700a03.png,https://s.gr-assets.com/assets/nophoto/book/50x75-a91bf249278a81aabab721ef782c4a74.png,1848,241,35.0
2590,13152194,13152194,18330294,28,030794932X,9780307949320.0,Cheryl Strayed,2012.0,Tiny Beautiful Things: Advice on Love and Life from Dear Sugar,Tiny Beautiful Things: Advice on Love and Life from Dear Sugar,,4.29,33979,39789,4859,575,1246,5163,11950,20855,https://images.gr-assets.com/books/1339807006m/13152194.jpg,https://images.gr-assets.com/books/1339807006s/13152194.jpg,2406,2032,524.0
2613,22738563,22738563,42278179,49,,,Chimamanda Ngozi Adichie,2014.0,We Should All Be Feminists,We Should All Be Feminists,eng,4.47,46048,58660,7218,349,769,4862,17453,35227,https://images.gr-assets.com/books/1430821222m/22738563.jpg,https://images.gr-assets.com/books/1430821222s/22738563.jpg,1943,1879,50.0
2627,6260997,6260997,6444203,28,307267148,9780307267150.0,"Nicholas D. Kristof, Sheryl WuDunn",2008.0,Half the Sky: Turning Oppression into Opportunity for Women Worldwide,Half the Sky: Turning Oppression into Opportunity for Women Worldwide,eng,4.31,37270,40427,4627,441,1098,5050,12776,21062,https://images.gr-assets.com/books/1320486170m/6260997.jpg,https://images.gr-assets.com/books/1320486170s/6260997.jpg,2365,2298,12.0
2636,10335318,10335318,15237912,14,385526261,9780385526260.0,Candice Millard,2011.0,,"Destiny of the Republic: A Tale of Madness, Medicine and the Murder of a President",en-US,4.19,34460,37444,4490,902,1097,4683,13978,16784,https://images.gr-assets.com/books/1327883084m/10335318.jpg,https://images.gr-assets.com/books/1327883084s/10335318.jpg,1695,1657,725.0
2660,81959,81959,1840987,532,1585425648,9781585425650.0,James Allen,1902.0,,As a Man Thinketh,eng,4.29,29122,35096,1830,539,1206,4620,10010,18721,https://images.gr-assets.com/books/1303439193m/81959.jpg,https://images.gr-assets.com/books/1303439193s/81959.jpg,755,345,184.0
2661,2082136,2082136,2398516,45,393064646,9780393064640.0,Mary Roach,2008.0,Bonk: The Curious Coupling of Science and Sex,Bonk: The Curious Coupling of Science and Sex,en-US,3.83,38157,41808,4005,806,2534,10882,16474,11112,https://s.gr-assets.com/assets/nophoto/book/111x148-bcc042a9c91a29c1d680899eff700a03.png,https://s.gr-assets.com/assets/nophoto/book/50x75-a91bf249278a81aabab721ef782c4a74.png,5481,3699,323.0
2686,4898,4898,1848380,60,1591396190,9781591396190.0,"W. Chan Kim, Renée Mauborgne",2004.0,Blue Ocean Strategy: How to Create Uncontested Market Space and Make Competition Irrelevant,Blue Ocean Strategy: How To Create Uncontested Market Space And Make The Competition Irrelevant,,3.86,30665,32514,679,1260,2079,7414,11117,10644,https://images.gr-assets.com/books/1416445924m/4898.jpg,https://images.gr-assets.com/books/1416445924s/4898.jpg,1212,201,0.0
2707,13707738,13707738,14420600,45,393343448,9780393343440.0,Michael   Lewis,2011.0,Boomerang: Travels in the New Third World,Boomerang: Travels in the New Third World,eng,3.87,15616,32446,1933,884,1655,7380,13241,9286,https://images.gr-assets.com/books/1345046879m/13707738.jpg,https://images.gr-assets.com/books/1345046879s/13707738.jpg,1951,950,61.0
2732,18414,18414,2798280,810,140449108,9780140449100.0,"Thomas More, Paul Turner",1516.0,"Libellus vere aureus, nec minus salutaris quam festivus, de optimo rei publicae statu deque nova insula Utopia",Utopia,eng,3.5,36680,44234,1887,1177,5222,15801,14313,7721,https://s.gr-assets.com/assets/nophoto/book/111x148-bcc042a9c91a29c1d680899eff700a03.png,https://s.gr-assets.com/assets/nophoto/book/50x75-a91bf249278a81aabab721ef782c4a74.png,1752,1372,70.0
2739,18813642,18813642,26563816,25,62282719,9780062282710.0,Roxane Gay,2014.0,Bad Feminist ,Bad Feminist,eng,3.91,41012,43890,5030,1046,2612,9283,17369,13580,https://images.gr-assets.com/books/1421292744m/18813642.jpg,https://images.gr-assets.com/books/1421292744s/18813642.jpg,4164,4164,578.0
2752,18505796,18505796,26365939,29,62265423,9780062265420.0,Dan   Harris,2014.0,"10% Happier: How I Tamed the Voice in My Head, Reduced Stress Without Losing My Edge, and Found Self-Help That Actually Works","10% Happier: How I Tamed the Voice in My Head, Reduced Stress Without Losing My Edge, and Found Self-Help That Actually Works",eng,3.93,33969,39748,3485,1106,2034,7948,15912,12748,https://images.gr-assets.com/books/1451446393m/18505796.jpg,https://images.gr-assets.com/books/1451446393s/18505796.jpg,2359,1351,626.0
2788,22609391,22609391,42099162,30,1476728747,9781476728740.0,David McCullough,2015.0,The Wright Brothers,The Wright Brothers,eng,4.16,35786,41469,4425,984,1232,5673,15914,17666,https://images.gr-assets.com/books/1430942575m/22609391.jpg,https://images.gr-assets.com/books/1430942575s/22609391.jpg,1388,1309,1013.0
2841,7237456,7237456,8159756,36,393068471,9780393068470.0,Mary Roach,2010.0,Packing for Mars: The Curious Science of Life in the Void ,Packing for Mars: The Curious Science of Life in the Void,en-US,3.93,35724,38592,3737,861,1817,8333,15749,11832,https://images.gr-assets.com/books/1290480157m/7237456.jpg,https://images.gr-assets.com/books/1290480157s/7237456.jpg,5354,3404,337.0
2855,18667945,18667945,26493608,35,039916927X,9780399169270.0,Sophia Amoruso,2014.0,,#GIRLBOSS,eng,3.71,40090,43741,2980,2080,4220,11094,13126,13221,https://images.gr-assets.com/books/1390931472m/18667945.jpg,https://images.gr-assets.com/books/1390931472s/18667945.jpg,979,562,590.0
2867,1319,1319,722104,29,446691437,9780446691440.0,"Steven Pressfield, Robert McKee",2002.0,The War of Art: Break Through the Blocks and Win Your Inner Creative Battles,The War of Art: Break Through the Blocks & Win Your Inner Creative Battles,en-US,4.07,31399,37038,3578,992,2088,6294,11688,15976,https://s.gr-assets.com/assets/nophoto/book/111x148-bcc042a9c91a29c1d680899eff700a03.png,https://s.gr-assets.com/assets/nophoto/book/50x75-a91bf249278a81aabab721ef782c4a74.png,1762,619,38.0
2895,17331349,17331349,24034629,48,62218360,9780062218360.0,"Steven D. Levitt, Stephen J. Dubner",2014.0,,Think Like a Freak,eng,3.82,25990,32724,2675,526,1711,9028,13187,8272,https://images.gr-assets.com/books/1395610974m/17331349.jpg,https://images.gr-assets.com/books/1395610974s/17331349.jpg,1516,664,0.0
2917,72223,72223,3222858,19,618773479,9780618773470.0,Timothy Egan,2006.0,The Worst Hard Time: The Untold Story of Those Who Survived the Great American Dust Bowl,The Worst Hard Time: The Untold Story of Those Who Survived the Great American Dust Bowl,en-US,4.04,32275,34295,3997,613,1502,6167,13510,12503,https://s.gr-assets.com/assets/nophoto/book/111x148-bcc042a9c91a29c1d680899eff700a03.png,https://s.gr-assets.com/assets/nophoto/book/50x75-a91bf249278a81aabab721ef782c4a74.png,2017,2008,22.0
2928,46191,9201647,2572759,50,1580627560,9781580627570.0,Sherry Argov,2009.0,Why Men Love Bitches: From Doormat to Dreamgirl - A Woman's Guide to Holding Her Own In A Relationship,Why Men Love Bitches: From Doormat to Dreamgirl—A Woman's Guide to Holding Her Own in a Relationship,,3.89,26662,28618,1467,1258,2194,6076,7993,11097,https://s.gr-assets.com/assets/nophoto/book/111x148-bcc042a9c91a29c1d680899eff700a03.png,https://s.gr-assets.com/assets/nophoto/book/50x75-a91bf249278a81aabab721ef782c4a74.png,603,256,28.0
2934,14142,14142,1561022,172,61129739,9780061129740.0,"Erich Fromm, Peter D. Kramer, Rainer Funk",1956.0,The Art of Loving,The Art of Loving,eng,4.01,29048,33263,1269,854,1739,6528,11105,13037,https://s.gr-assets.com/assets/nophoto/book/111x148-bcc042a9c91a29c1d680899eff700a03.png,https://s.gr-assets.com/assets/nophoto/book/50x75-a91bf249278a81aabab721ef782c4a74.png,1207,282,65.0
2946,66354,66354,64339,66,60920432,9780060920430.0,Mihaly Csikszentmihalyi,1990.0,Flow: The Psychology of Optimal Experience,Flow: The Psychology of Optimal Experience,eng,4.1,28619,32107,1485,605,1399,5507,11395,13201,https://s.gr-assets.com/assets/nophoto/book/111x148-bcc042a9c91a29c1d680899eff700a03.png,https://s.gr-assets.com/assets/nophoto/book/50x75-a91bf249278a81aabab721ef782c4a74.png,3698,1083,33.0
2958,24113,24113,850076,48,465026567,9780465026560.0,Douglas R. Hofstadter,1979.0,"Gödel, Escher, Bach: An Eternal Golden Braid","Gödel, Escher, Bach: An Eternal Golden Braid",eng,4.3,31616,33510,1383,642,1234,4068,9200,18366,https://images.gr-assets.com/books/1428732588m/24113.jpg,https://images.gr-assets.com/books/1428732588s/24113.jpg,4256,1893,17.0
3009,81922,81922,42235,84,446677477,9780446677480.0,"Robert T. Kiyosaki, Sharon L. Lechter",1998.0,Cashflow Quadrant: Rich Dad's Guide to Financial Freedom,Rich Dad's Cashflow Quadrant: Rich Dad's Guide to Financial Freedom,vie,4.05,24907,27477,718,560,1360,5288,9087,11182,https://images.gr-assets.com/books/1483023081m/81922.jpg,https://images.gr-assets.com/books/1483023081s/81922.jpg,736,115,0.0
3024,214614,214614,234706,37,345326490,9780345326490.0,Edward Abbey,1968.0,Desert Solitaire,Desert Solitaire,en-US,4.22,27723,29658,1826,469,1021,4255,9676,14237,https://images.gr-assets.com/books/1399583343m/214614.jpg,https://images.gr-assets.com/books/1399583343s/214614.jpg,949,873,496.0
3026,56454,56454,55015,23,159562015X,9781595620160.0,Tom Rath,2007.0,Strengths Finder 2.0,Strengths Finder 2.0,en-US,3.92,30199,33076,1611,642,2035,7712,11697,10990,https://s.gr-assets.com/assets/nophoto/book/111x148-bcc042a9c91a29c1d680899eff700a03.png,https://s.gr-assets.com/assets/nophoto/book/50x75-a91bf249278a81aabab721ef782c4a74.png,1738,536,0.0
3033,586472,586472,907221,44,553381350,9780553381350.0,Tom Wolfe,1979.0,The Right Stuff,The Right Stuff,eng,4.23,30701,32960,935,330,780,4710,12237,14903,https://images.gr-assets.com/books/1393654700m/586472.jpg,https://images.gr-assets.com/books/1393654700s/586472.jpg,1208,1118,146.0
3049,78250,78250,2029104,112,671227424,9780671227420.0,Carlos Castaneda,1968.0,The Teachings of Don Juan: A Yaqui Way of Knowledge,The Teachings of Don Juan: A Yaqui Way of Knowledge ,en-US,3.94,27784,30576,849,741,1884,6764,10389,10798,https://s.gr-assets.com/assets/nophoto/book/111x148-bcc042a9c91a29c1d680899eff700a03.png,https://s.gr-assets.com/assets/nophoto/book/50x75-a91bf249278a81aabab721ef782c4a74.png,547,406,515.0
3059,40745,40745,40330,49,1400062756,9781400062750.0,Carol S. Dweck,2006.0,Mindset: The New Psychology of Success,Mindset: The New Psychology of Success,en-US,4.04,31174,37162,3668,661,1889,7058,13356,14198,https://s.gr-assets.com/assets/nophoto/book/111x148-bcc042a9c91a29c1d680899eff700a03.png,https://s.gr-assets.com/assets/nophoto/book/50x75-a91bf249278a81aabab721ef782c4a74.png,3292,1323,166.0
3062,2527900,2527900,2535409,46,300122233,9780300122240.0,"Richard H. Thaler, Cass R. Sunstein",2008.0,"Nudge: Improving Decisions About Health, Wealth, and Happiness","Nudge: Improving Decisions About Health, Wealth, and Happiness",eng,3.8,29552,32763,1478,634,2277,8824,12271,8757,https://images.gr-assets.com/books/1328828013m/2527900.jpg,https://images.gr-assets.com/books/1328828013s/2527900.jpg,1366,290,0.0
3069,38315,38315,3119175,46,812975219,9780812975220.0,Nassim Nicholas Taleb,2001.0,Fooled by Randomness: The Hidden Role of Chance in Life and in the Markets,Fooled by Randomness: The Hidden Role of Chance in Life and in the Markets,eng,4.05,28674,30789,1207,565,1461,5571,11342,11850,https://s.gr-assets.com/assets/nophoto/book/111x148-bcc042a9c91a29c1d680899eff700a03.png,https://s.gr-assets.com/assets/nophoto/book/50x75-a91bf249278a81aabab721ef782c4a74.png,2741,770,0.0
3071,7493,7493,1290896,29,375705244,9780375705240.0,Joseph J. Ellis,2000.0,Founding Brothers: The Revolutionary Generation,Founding Brothers: The Revolutionary Generation,en-GB,3.92,31610,32657,1520,840,1668,6941,13065,10143,https://images.gr-assets.com/books/1388791106m/7493.jpg,https://images.gr-assets.com/books/1388791106s/7493.jpg,601,600,124.0
3074,16142053,16142053,21973918,24,307700666,9780307700670.0,Lawrence Wright,2013.0,"Going Clear: Scientology, Hollywood, and the Prison of Belief","Going Clear: Scientology, Hollywood, and the Prison of Belief",eng,4.02,26117,30503,3890,570,1134,5375,13495,9929,https://images.gr-assets.com/books/1358119149m/16142053.jpg,https://images.gr-assets.com/books/1358119149s/16142053.jpg,2526,2449,827.0
3123,2159,2159,1734580,71,452287081,9780452287080.0,John Perkins,2004.0,Confessions of an Economic Hit Man,Confessions of an Economic Hit Man,en-US,3.83,19726,26245,3036,663,1851,6174,10056,7501,https://s.gr-assets.com/assets/nophoto/book/111x148-bcc042a9c91a29c1d680899eff700a03.png,https://s.gr-assets.com/assets/nophoto/book/50x75-a91bf249278a81aabab721ef782c4a74.png,1513,908,312.0
3129,6570502,6570502,6763564,56,385528752,9780385528760.0,"Chip Heath, Dan Heath",2010.0,Switch: How to Change Things When Change Is Hard,Switch: How to Change Things When Change Is Hard,eng,4.02,26820,30210,2072,672,1379,5703,11524,10932,https://images.gr-assets.com/books/1422839688m/6570502.jpg,https://images.gr-assets.com/books/1422839688s/6570502.jpg,2240,564,0.0
3152,2054761,2054761,2059929,7,553805096,9780553805090.0,Alice Schroeder,2008.0,The Snowball: Warren Buffett and the Business of Life,The Snowball: Warren Buffett and the Business of Life,eng,4.05,27007,28104,912,875,1266,4806,9687,11470,https://images.gr-assets.com/books/1320458276m/2054761.jpg,https://images.gr-assets.com/books/1320458276s/2054761.jpg,919,253,536.0
3196,801178,801178,1958046,91,1558749209,9781558749210.0,"Jack Canfield, Mark Victor Hansen",1993.0,Chicken Soup for the Soul,Chicken Soup for the Soul,eng,3.94,28664,30141,632,818,1850,6916,9273,11284,https://s.gr-assets.com/assets/nophoto/book/111x148-bcc042a9c91a29c1d680899eff700a03.png,https://s.gr-assets.com/assets/nophoto/book/50x75-a91bf249278a81aabab721ef782c4a74.png,534,309,86.0
3207,248787,248787,241063,63,312347294,9780312347290.0,Alan Weisman,2007.0,The World Without Us,The World Without Us,eng,3.79,28549,30591,3048,745,2202,7770,11829,8045,https://s.gr-assets.com/assets/nophoto/book/111x148-bcc042a9c91a29c1d680899eff700a03.png,https://s.gr-assets.com/assets/nophoto/book/50x75-a91bf249278a81aabab721ef782c4a74.png,3029,1930,0.0
3208,239186,239186,1605,29,375708278,9780375708280.0,Erik Larson,1999.0,"Isaac's Storm: A Man, a Time, and the Deadliest Hurricane in History","Isaac's Storm: A Man, a Time, and the Deadliest Hurricane in History",en-US,4.05,29695,33342,2680,311,1140,6639,13795,11457,https://images.gr-assets.com/books/1403179592m/239186.jpg,https://images.gr-assets.com/books/1403179592s/239186.jpg,1735,1680,138.0
3227,13588394,13588394,19175796,33,159420411X,9781594204110.0,Nate Silver,2012.0,The Signal and the Noise: Why So Many Predictions Fail - But Some Don't,The Signal and the Noise: Why So Many Predictions Fail - But Some Don't,eng,3.96,26888,30613,2374,417,1355,6365,13246,9230,https://images.gr-assets.com/books/1355058876m/13588394.jpg,https://images.gr-assets.com/books/1355058876s/13588394.jpg,3477,1690,25.0
3235,7108725,7108725,7367737,43,1591842808,9781591842800.0,Simon Sinek,2009.0,Start with Why: How Great Leaders Inspire Everyone to Take Action,Start with Why: How Great Leaders Inspire Everyone to Take Action,,4.07,32899,36466,2119,881,1839,6334,12067,15345,https://images.gr-assets.com/books/1360936414m/7108725.jpg,https://images.gr-assets.com/books/1360936414s/7108725.jpg,3060,679,0.0
3270,18170143,18170143,25488999,49,316253014,9780316253020.0,Chris Hadfield,2013.0,An Astronaut’s Guide to Life on Earth,An Astronaut's Guide to Life on Earth,eng,4.14,25474,29675,2831,627,1025,4534,10905,12584,https://images.gr-assets.com/books/1380495144m/18170143.jpg,https://images.gr-assets.com/books/1380495144s/18170143.jpg,2462,1766,1054.0
3287,7015635,7015635,7261546,48,014311638X,9780143116390.0,Michael Pollan,2008.0,Food Rules,Food Rules: An Eater's Manual,en-US,3.99,30577,33151,3044,349,1485,7565,12460,11292,https://s.gr-assets.com/assets/nophoto/book/111x148-bcc042a9c91a29c1d680899eff700a03.png,https://s.gr-assets.com/assets/nophoto/book/50x75-a91bf249278a81aabab721ef782c4a74.png,1809,1639,1400.0
3305,7155145,7155145,7421862,35,1591843162,9781591843160.0,Seth Godin,2010.0,Linchpin: Are You Indispensable?,Linchpin: Are You Indispensable?,en-US,3.87,26555,28121,1462,1014,1960,6021,9680,9446,https://s.gr-assets.com/assets/nophoto/book/111x148-bcc042a9c91a29c1d680899eff700a03.png,https://s.gr-assets.com/assets/nophoto/book/50x75-a91bf249278a81aabab721ef782c4a74.png,2142,521,0.0
3308,4477,4477,2710546,31,312421702,9780312421700.0,"Atul Gawande, Susanne Kuhlmann-Krieg",2002.0,Complications: A Surgeon's Notes on an Imperfect Science,Complications: A Surgeon's Notes on an Imperfect Science,en-US,4.23,26267,27901,1977,168,579,3800,11337,12017,https://s.gr-assets.com/assets/nophoto/book/111x148-bcc042a9c91a29c1d680899eff700a03.png,https://s.gr-assets.com/assets/nophoto/book/50x75-a91bf249278a81aabab721ef782c4a74.png,1659,1234,233.0
3310,497164,497164,799260,64,374521344,9780374521350.0,"Roland Barthes, Richard Howard",1980.0,La chambre claire. Note sur la photographie,Camera Lucida: Reflections on Photography,,3.92,26754,28476,413,1191,2000,5810,8269,11206,https://images.gr-assets.com/books/1312018081m/497164.jpg,https://images.gr-assets.com/books/1312018081s/497164.jpg,517,295,8.0
3335,12987640,12987640,17907836,26,547386079,9780547386070.0,Jonah Lehrer,2012.0,,Imagine: How Creativity Works,eng,3.75,24727,25545,1706,1306,2001,6222,8246,7770,https://images.gr-assets.com/books/1327000473m/12987640.jpg,https://images.gr-assets.com/books/1327000473s/12987640.jpg,1459,999,0.0
3342,11987,11987,855563,35,679733736,9780679733740.0,"Albert Camus, Justin O'Brien",1942.0,Le Mythe de Sisyphe,The Myth of Sisyphus and Other Essays,eng,4.18,30221,30895,797,268,912,4970,11489,13256,https://images.gr-assets.com/books/1401656886m/11987.jpg,https://images.gr-assets.com/books/1401656886s/11987.jpg,578,193,20.0
3361,50937,50937,49725,38,684852861,9780684852870.0,"Marcus Buckingham, Curt Coffman",1998.0,"First, Break All the Rules: What the World's Greatest Managers Do Differently ","First, Break All the Rules: What the World's Greatest Managers Do Differently",eng,3.92,27207,27673,495,808,1521,6207,9707,9430,https://s.gr-assets.com/assets/nophoto/book/111x148-bcc042a9c91a29c1d680899eff700a03.png,https://s.gr-assets.com/assets/nophoto/book/50x75-a91bf249278a81aabab721ef782c4a74.png,1704,288,0.0
3385,6687247,6687247,6882582,30,670021253,9780670021250.0,Andrew Ross Sorkin,2008.0,Too Big to Fail The Inside Story of How Wall Street and Washington Fought to Save the Financial System from Crisis - and Lost,Too Big to Fail: The Inside Story of How Wall Street and Washington Fought to Save the Financial System from Crisis — and Themselves,en-US,4.09,25493,27389,1142,340,991,4894,10929,10235,https://s.gr-assets.com/assets/nophoto/book/111x148-bcc042a9c91a29c1d680899eff700a03.png,https://s.gr-assets.com/assets/nophoto/book/50x75-a91bf249278a81aabab721ef782c4a74.png,1578,553,0.0
3413,36071,36071,35982,64,684802031,9780684802040.0,"Stephen R. Covey, A. Roger Merrill, Rebecca R. Merrill",1993.0,"First Things First: To Live, to Love, to Learn, to Leave a Legacy",First Things First,eng,4.06,26813,27414,340,425,1034,5514,9840,10601,https://s.gr-assets.com/assets/nophoto/book/111x148-bcc042a9c91a29c1d680899eff700a03.png,https://s.gr-assets.com/assets/nophoto/book/50x75-a91bf249278a81aabab721ef782c4a74.png,1062,212,0.0
3464,5128,5128,1771312,81,60595183,9780060595180.0,Aldous Huxley,1956.0,The Doors of Perception & Heaven and Hell,The Doors of Perception & Heaven and Hell,eng,3.96,24213,27581,840,250,1360,6570,10522,8879,https://images.gr-assets.com/books/1375947566m/5128.jpg,https://images.gr-assets.com/books/1375947566s/5128.jpg,1370,702,186.0
3485,51299,51299,563115,28,307265773,9780307265780.0,Sam Harris,2006.0,Letter to a Christian Nation,Letter to a Christian Nation,eng,4.04,25570,27251,1476,1001,1271,4485,9462,11032,https://s.gr-assets.com/assets/nophoto/book/111x148-bcc042a9c91a29c1d680899eff700a03.png,https://s.gr-assets.com/assets/nophoto/book/50x75-a91bf249278a81aabab721ef782c4a74.png,1590,1056,1136.0
3493,34452,34452,2176901,75,446520594,9780446520590.0,Brian L. Weiss,1988.0,"Many Lives, Many Masters","Many Lives, Many Masters: The True Story of a Prominent Psychiatrist, His Young Patient, and the Past Life Therapy That Changed Both Their Lives",eng,4.17,18956,25806,2069,514,1100,4036,8120,12036,https://s.gr-assets.com/assets/nophoto/book/111x148-bcc042a9c91a29c1d680899eff700a03.png,https://s.gr-assets.com/assets/nophoto/book/50x75-a91bf249278a81aabab721ef782c4a74.png,611,413,373.0
3495,84699,84699,81738,43,385512058,9780385512050.0,Keith Ferrazzi,2005.0,"Never Eat Alone: And Other Secrets to Success, One Relationship at a Time","Never Eat Alone: And Other Secrets to Success, One Relationship at a Time",,3.8,25826,27137,981,922,2179,6756,8734,8546,https://images.gr-assets.com/books/1320417949m/84699.jpg,https://images.gr-assets.com/books/1320417949s/84699.jpg,812,158,0.0
3525,16113737,16113737,22016567,59,812994868,9780812994860.0,"Naoki Higashida, K.A. Yoshida, David Mitchell",2005.0,自閉症の僕が跳びはねる理由～会話のできない中学生がつづる内なる心～,The Reason I Jump: The Inner Voice of a Thirteen-Year-Old Boy with Autism,eng,3.78,25504,29725,3983,735,2281,8038,10549,8122,https://images.gr-assets.com/books/1384018847m/16113737.jpg,https://images.gr-assets.com/books/1384018847s/16113737.jpg,2069,1813,965.0
3528,24911006,24911006,44518635,20,385538731,9780385538730.0,Jon Krakauer,2015.0,Missoula: Rape and the Justice System in a College Town,Missoula: Rape and the Justice System in a College Town,eng,4.06,24270,27522,4114,407,824,4719,12286,9286,https://images.gr-assets.com/books/1491227618m/24911006.jpg,https://images.gr-assets.com/books/1491227618s/24911006.jpg,2361,2355,284.0
3542,15014,15014,2051713,55,71401946,9780071401940.0,"Kerry Patterson, Joseph Grenny, Ron McMillan, Al Switzler, Stephen R. Covey",2001.0,Crucial Conversations: Tools for Talking When Stakes are High,Crucial Conversations: Tools for Talking When Stakes Are High,eng,4.0,26172,28982,1635,596,1402,6003,10502,10479,https://images.gr-assets.com/books/1497193248m/15014.jpg,https://images.gr-assets.com/books/1497193248s/15014.jpg,1882,328,0.0
3543,25669,25669,3285909,36,385418493,9780385418490.0,Thomas Cahill,1995.0,How the Irish Saved Civilization: The Untold Story of Ireland's Heroic Role from the Fall of Rome to the Rise of Medieval Europe  ,How the Irish Saved Civilization,en-US,3.81,29586,30368,1299,829,2096,7678,11116,8649,https://images.gr-assets.com/books/1403191471m/25669.jpg,https://images.gr-assets.com/books/1403191471s/25669.jpg,1184,1176,119.0
3545,13615414,13615414,19216563,32,393081575,9780393081570.0,Mary Roach,2013.0,Gulp: Adventures on the Alimentary Canal,Gulp: Adventures on the Alimentary Canal,eng,3.92,27523,30237,3840,640,1498,6646,12345,9108,https://images.gr-assets.com/books/1352232547m/13615414.jpg,https://images.gr-assets.com/books/1352232547s/13615414.jpg,4022,2791,478.0
3552,91953,91953,680963,364,140431950,9780140431960.0,"Thomas Hobbes, C.B. Macpherson",1651.0,"Leviathan or The Matter, Forme and Power of a Common Wealth Ecclesiasticall and Civil",Leviathan,eng,3.66,26284,28699,505,850,2688,8639,9692,6830,https://images.gr-assets.com/books/1326788684m/91953.jpg,https://images.gr-assets.com/books/1326788684s/91953.jpg,531,194,47.0
3586,1237300,1237300,2826418,67,805079831,9780805079840.0,Naomi Klein,2006.0,The Shock Doctrine: The Rise of Disaster Capitalism,The Shock Doctrine: The Rise of Disaster Capitalism,en-US,4.22,24111,27056,2120,448,929,3616,9230,12833,https://s.gr-assets.com/assets/nophoto/book/111x148-bcc042a9c91a29c1d680899eff700a03.png,https://s.gr-assets.com/assets/nophoto/book/50x75-a91bf249278a81aabab721ef782c4a74.png,2435,1718,0.0
3597,23577,23577,344426,31,452285216,9780452285220.0,Al Franken,2003.0,Lies and the Lying Liars Who Tell Them: A Fair and Balanced Look at the Right,Lies & the Lying Liars Who Tell Them: A Fair & Balanced Look at the Right,en-US,3.81,24071,26255,827,651,1466,6950,10385,6803,https://s.gr-assets.com/assets/nophoto/book/111x148-bcc042a9c91a29c1d680899eff700a03.png,https://s.gr-assets.com/assets/nophoto/book/50x75-a91bf249278a81aabab721ef782c4a74.png,849,817,578.0
3603,6667514,6667514,6862414,30,805091742,9780805091750.0,Atul Gawande,2009.0,The Checklist Manifesto: How to Get Things Right,The Checklist Manifesto: How to Get Things Right,,4.02,23778,28234,2701,282,1164,5714,11489,9585,https://images.gr-assets.com/books/1312061594m/6667514.jpg,https://images.gr-assets.com/books/1312061594s/6667514.jpg,974,357,10.0
3609,22435,22435,23464,55,965900584,9780965900580.0,Brian Greene,2003.0,"The Fabric of the Cosmos: Space, Time and the Texture of Reality","The Fabric of the Cosmos: Space, Time, and the Texture of Reality",eng,4.11,24060,26155,794,489,806,4273,10366,10221,https://images.gr-assets.com/books/1435242004m/22435.jpg,https://images.gr-assets.com/books/1435242004s/22435.jpg,3082,1040,0.0
3625,29501,29501,2399497,32,393327655,9780393327660.0,Sam Harris,2004.0,"The End of Faith: Religion, Terror, and the Future of Reason","The End of Faith: Religion, Terror, and the Future of Reason",en-US,3.93,24578,26202,1410,1059,1556,4959,9273,9355,https://s.gr-assets.com/assets/nophoto/book/111x148-bcc042a9c91a29c1d680899eff700a03.png,https://s.gr-assets.com/assets/nophoto/book/50x75-a91bf249278a81aabab721ef782c4a74.png,1842,1099,1231.0
3645,3272165,3272165,3308349,50,7240198,9780007240200.0,Ben Goldacre,2008.0,"Bad Science: Quacks, Hacks, and Big Pharma Flacks",Bad Science,eng,4.07,22692,27021,1433,589,1188,4439,10259,10546,https://images.gr-assets.com/books/1327251503m/3272165.jpg,https://images.gr-assets.com/books/1327251503s/3272165.jpg,3243,1575,53.0
3650,6748,6748,574,46,316925284,9780316925280.0,David Foster Wallace,1996.0,A Supposedly Fun Thing I'll Never Do Again: Essays and Arguments,A Supposedly Fun Thing I'll Never Do Again:  Essays and Arguments,en-GB,4.28,23272,26763,2098,266,656,3045,10238,12558,https://s.gr-assets.com/assets/nophoto/book/111x148-bcc042a9c91a29c1d680899eff700a03.png,https://s.gr-assets.com/assets/nophoto/book/50x75-a91bf249278a81aabab721ef782c4a74.png,1437,1406,351.0
3661,2615,2615,1468535,32,60521996,9780060522000.0,Clayton M. Christensen,1997.0,The Innovator's Dilemma: The Revolutionary Book that Will Change the Way You Do Business (Collins Business Essentials),The Innovator's Dilemma: The Revolutionary Book that Will Change the Way You Do Business (Collins Business Essentials),,4.0,21997,24443,681,837,1281,4400,8442,9483,https://s.gr-assets.com/assets/nophoto/book/111x148-bcc042a9c91a29c1d680899eff700a03.png,https://s.gr-assets.com/assets/nophoto/book/50x75-a91bf249278a81aabab721ef782c4a74.png,1892,371,0.0
3675,93426,93426,2468245,25,609809644,9780609809650.0,Jack Weatherford,2004.0,Genghis Khan and the Making of the Modern World,Genghis Khan and the Making of the Modern World,eng,4.01,25452,26779,1672,608,1139,5085,10496,9451,https://images.gr-assets.com/books/1320531289m/93426.jpg,https://images.gr-assets.com/books/1320531289s/93426.jpg,1075,1069,434.0
3683,7247854,7247854,8246153,44,316051640,9780316051640.0,Sam Kean,2010.0,"The Disappearing Spoon: And Other True Tales of Madness, Love, and the History of the World from the Periodic Table of the Elements","The Disappearing Spoon: And Other True Tales of Madness, Love, and the History of the World from the Periodic Table of the Elements",eng,3.9,26820,29561,2815,841,1692,6443,11280,9305,https://s.gr-assets.com/assets/nophoto/book/111x148-bcc042a9c91a29c1d680899eff700a03.png,https://s.gr-assets.com/assets/nophoto/book/50x75-a91bf249278a81aabab721ef782c4a74.png,4707,2593,13.0
3695,106835,106835,102974,57,60555661,9780060555660.0,"Benjamin Graham, Jason Zweig, Warren Buffett",2003.0,The Intelligent Investor,The Intelligent Investor (Collins Business Essentials),eng,4.27,29825,32192,894,419,894,4321,10529,16029,https://images.gr-assets.com/books/1409602421m/106835.jpg,https://images.gr-assets.com/books/1409602421s/106835.jpg,2776,560,0.0
3696,2095,2095,1978857,80,055380202X,9780553802020.0,Stephen Hawking,2001.0,The Universe in a Nutshell,The Universe in a Nutshell,en-US,4.13,23596,25207,644,197,793,4505,9792,9920,https://images.gr-assets.com/books/1159814395m/2095.jpg,https://images.gr-assets.com/books/1159814395s/2095.jpg,883,418,0.0
3707,14096,14096,1276408,57,1401307787,9781401307780.0,Jon Kabat-Zinn,1994.0,"Wherever You Go, There You Are: Mindfulness Meditation in Everyday Life","Wherever You Go, There You Are: Mindfulness Meditation in Everyday Life",en-US,4.11,24259,26071,1047,386,971,4616,9545,10553,https://s.gr-assets.com/assets/nophoto/book/111x148-bcc042a9c91a29c1d680899eff700a03.png,https://s.gr-assets.com/assets/nophoto/book/50x75-a91bf249278a81aabab721ef782c4a74.png,1446,681,778.0
3717,12651,12651,702720,340,143037498,9780143037490.0,"Jean-Jacques Rousseau, Maurice Cranston",1762.0,Du contrat social: ou Principes du droit politique,The Social Contract,eng,3.75,24397,27347,525,591,2070,7813,9998,6875,https://s.gr-assets.com/assets/nophoto/book/111x148-bcc042a9c91a29c1d680899eff700a03.png,https://s.gr-assets.com/assets/nophoto/book/50x75-a91bf249278a81aabab721ef782c4a74.png,2370,609,28.0
3720,110331,110331,707252,424,451528816,9780451528810.0,"Alexander Hamilton, James Madison, John Jay, Philo-Publius, Clinton Rossiter, Charles R. Kessler",1787.0,The Federalist,The Federalist Papers,eng,4.05,24648,28020,569,448,1394,5786,9205,11187,https://images.gr-assets.com/books/1327865541m/110331.jpg,https://images.gr-assets.com/books/1327865541s/110331.jpg,1244,783,11.0
3733,18077903,18077903,25384143,40,812993012,9780812993010.0,"Ed Catmull, Amy Wallace",2009.0,"Creativity, Inc.: Overcoming the Unseen Forces That Stand in the Way of True Inspiration","Creativity, Inc.: Overcoming the Unseen Forces That Stand in the Way of True Inspiration",eng,4.24,25488,29097,2343,470,847,3829,9949,14002,https://images.gr-assets.com/books/1400863577m/18077903.jpg,https://images.gr-assets.com/books/1400863577s/18077903.jpg,2853,1083,141.0
3782,36086,36086,1008989,27,1594489254,9781594489260.0,Steven Johnson,2006.0,The Ghost Map,"The Ghost Map: The Story of London's Most Terrifying Epidemic - and How It Changed Science, Cities, and the Modern World",eng,3.91,24895,27232,2592,534,1464,6213,10670,8351,https://s.gr-assets.com/assets/nophoto/book/111x148-bcc042a9c91a29c1d680899eff700a03.png,https://s.gr-assets.com/assets/nophoto/book/50x75-a91bf249278a81aabab721ef782c4a74.png,2307,1503,20.0
3785,52372,52372,768174,67,141187166,9780141187170.0,Susan Sontag,1973.0,On Photography,On Photography,eng,3.84,22611,24496,468,1666,1609,4529,7771,8921,https://images.gr-assets.com/books/1328061531m/52372.jpg,https://images.gr-assets.com/books/1328061531s/52372.jpg,633,473,0.0
3789,1168341,1168341,1239736,61,385520697,9780385520690.0,Michio Kaku,2008.0,"Physics of the Impossible: A Scientific Exploration of the World of Phasers, Force Fields, Teleportation, and Time Travel","Physics of the Impossible: A Scientific Exploration into the World of Phasers, Force Fields, Teleportation, and Time Travel",eng,4.07,22251,24597,1024,605,964,4342,8934,9752,https://images.gr-assets.com/books/1320469147m/1168341.jpg,https://images.gr-assets.com/books/1320469147s/1168341.jpg,2682,1145,20.0
3810,3828382,3828382,3873014,31,1591842336,9781591842330.0,Seth Godin,2008.0,Tribes: We Need You to Lead Us,Tribes: We Need You to Lead Us,en-US,3.84,23803,24850,1334,808,1697,5868,8865,7612,https://s.gr-assets.com/assets/nophoto/book/111x148-bcc042a9c91a29c1d680899eff700a03.png,https://s.gr-assets.com/assets/nophoto/book/50x75-a91bf249278a81aabab721ef782c4a74.png,2198,515,0.0
3815,11505008,11505008,16440712,51,1609611543,9781609611540.0,William  Davis,2011.0,"Wheat Belly: Lose the Wheat, Lose the Weight, and Find Your Path Back to Health ","Wheat Belly: Lose the Wheat, Lose the Weight, and Find Your Path Back to Health",eng,3.71,21263,24684,2242,1011,2062,6561,8379,6671,https://images.gr-assets.com/books/1317793840m/11505008.jpg,https://images.gr-assets.com/books/1317793840s/11505008.jpg,812,686,314.0
3831,73864,73864,969470,43,452281903,9780452281900.0,Dave Pelzer,1999.0,A Man Named Dave: A Story of Triumph and Forgiveness,A Man Named Dave (Dave Pelzer #3),en-US,3.87,23605,25649,999,445,1942,6950,7537,8775,https://s.gr-assets.com/assets/nophoto/book/111x148-bcc042a9c91a29c1d680899eff700a03.png,https://s.gr-assets.com/assets/nophoto/book/50x75-a91bf249278a81aabab721ef782c4a74.png,594,553,552.0
3867,22571552,22571552,43062778,41,1594487138,9781594487130.0,Jon Ronson,2015.0,So You’ve Been Publicly Shamed,So You've Been Publicly Shamed,eng,3.91,22484,27846,3335,371,1098,6251,12947,7179,https://images.gr-assets.com/books/1413749614m/22571552.jpg,https://images.gr-assets.com/books/1413749614s/22571552.jpg,3026,2575,87.0
3868,81779,81779,1488719,458,140449272,9780140449270.0,"Plato, Christopher Gill",-385.0,Συμπόσιον,The Symposium,eng,4.01,22413,28002,914,367,1425,5939,10145,10126,https://images.gr-assets.com/books/1359922039m/81779.jpg,https://images.gr-assets.com/books/1359922039s/81779.jpg,2437,462,23.0
3882,12605157,12605157,17620461,36,307951529,9780307951530.0,Chris Guillebeau,2012.0,,"The $100 Startup: Reinvent the Way You Make a Living, Do What You Love, and Create a New Future",eng,3.85,26097,27753,1122,863,1877,6655,9653,8705,https://images.gr-assets.com/books/1345666854m/12605157.jpg,https://images.gr-assets.com/books/1345666854s/12605157.jpg,1777,429,0.0
3923,867247,867247,1318780,77,517415283,9780517415280.0,"Miyamoto Musashi, Victor Harris",1645.0,五輪書 [Go Rin no Sho],A Book of Five Rings: The Classic Guide to Strategy,,4.09,19246,24699,959,234,1070,4903,8431,10061,https://s.gr-assets.com/assets/nophoto/book/111x148-bcc042a9c91a29c1d680899eff700a03.png,https://s.gr-assets.com/assets/nophoto/book/50x75-a91bf249278a81aabab721ef782c4a74.png,1508,624,71.0
3933,14990,14990,2398507,34,393329127,9780393329120.0,Mary Roach,2005.0,Spook: Science Tackles the Afterlife,Spook: Science Tackles the Afterlife,en-US,3.57,26306,27737,2306,802,3023,9144,9144,5624,https://s.gr-assets.com/assets/nophoto/book/111x148-bcc042a9c91a29c1d680899eff700a03.png,https://s.gr-assets.com/assets/nophoto/book/50x75-a91bf249278a81aabab721ef782c4a74.png,3577,2453,296.0
3949,19083,19083,14746717,355,486414248,9780486414250.0,Aristotle,-350.0,Politics,Politics,eng,3.91,22128,24041,289,439,1424,5899,8275,8004,https://s.gr-assets.com/assets/nophoto/book/111x148-bcc042a9c91a29c1d680899eff700a03.png,https://s.gr-assets.com/assets/nophoto/book/50x75-a91bf249278a81aabab721ef782c4a74.png,1884,361,16.0
3950,522776,522776,2712410,74,553805460,9780553805470.0,Jordan Belfort,2007.0,The Wolf of Wall Street,The Wolf of Wall Street,eng,3.67,18289,22765,1915,965,2221,5972,7835,5772,https://images.gr-assets.com/books/1320489812m/522776.jpg,https://images.gr-assets.com/books/1320489812s/522776.jpg,528,461,490.0
3953,6792458,6792458,6996712,18,1595581030,9781595581040.0,Michelle Alexander,2010.0,The New Jim Crow: Mass Incarceration in the Age of Colorblindness,The New Jim Crow: Mass Incarceration in the Age of Colorblindness,eng,4.49,23205,27002,3438,186,432,2003,7860,16521,https://images.gr-assets.com/books/1328751532m/6792458.jpg,https://images.gr-assets.com/books/1328751532s/6792458.jpg,2754,2626,0.0
3986,14595,14595,1820137,28,802142648,9780802142640.0,"Legs McNeil, Gillian McCain",1996.0,Please Kill Me: The Uncensored Oral History of Punk,Please Kill Me: The Uncensored Oral History of Punk,en-US,4.16,20652,21763,902,542,818,3347,6989,10067,https://s.gr-assets.com/assets/nophoto/book/111x148-bcc042a9c91a29c1d680899eff700a03.png,https://s.gr-assets.com/assets/nophoto/book/50x75-a91bf249278a81aabab721ef782c4a74.png,690,690,101.0
4018,64582,64582,62690,61,140092501,9780140092510.0,James Gleick,1987.0,Chaos: Making a New Science,Chaos: Making a New Science,eng,3.98,21703,23320,658,399,1054,5022,9039,7806,https://images.gr-assets.com/books/1327941595m/64582.jpg,https://images.gr-assets.com/books/1327941595s/64582.jpg,949,308,0.0
4050,687278,687278,2464740,48,1570623449,9781570623450.0,Pema Chödrön,1996.0,When Things Fall Apart: Heart Advice for Difficult Times,When Things Fall Apart: Heart Advice for Difficult Times,,4.29,20761,23012,1315,339,652,2891,7237,11893,https://images.gr-assets.com/books/1320553046m/687278.jpg,https://images.gr-assets.com/books/1320553046s/687278.jpg,812,535,730.0
4059,641604,641604,155235,46,159184021X,9781591840210.0,Seth Godin,2003.0,Purple Cow: Transform Your Business by Being Remarkable,Purple Cow: Transform Your Business by Being Remarkable,eng,3.78,25230,26362,862,1247,1953,6239,8792,8131,https://images.gr-assets.com/books/1309203098m/641604.jpg,https://images.gr-assets.com/books/1309203098s/641604.jpg,1099,141,0.0
4071,357636,357636,848942,156,393301583,9780393301590.0,"Sigmund Freud, James Strachey, Peter Gay",1930.0,Das Unbehagen in der Kultur,Civilization and Its Discontents,en-US,3.76,21447,24217,700,816,2057,6382,7918,7044,https://s.gr-assets.com/assets/nophoto/book/111x148-bcc042a9c91a29c1d680899eff700a03.png,https://s.gr-assets.com/assets/nophoto/book/50x75-a91bf249278a81aabab721ef782c4a74.png,1384,595,17.0
4079,29,29,2170063,28,380715430,9780380715440.0,Bill Bryson,1990.0,The Mother Tongue: English and How It Got That Way,The Mother Tongue: English and How It Got That Way,en-US,3.95,24133,26951,1993,333,1280,6050,10985,8303,https://images.gr-assets.com/books/1388209925m/29.jpg,https://images.gr-assets.com/books/1388209925s/29.jpg,721,702,192.0
4080,1918305,1918305,3344773,34,446580260,9780446580270.0,Eric    Weiner,2008.0,The Geography of Bliss: One Grump's Search for the Happiest Places in the World,The Geography of Bliss: One Grump's Search for the Happiest Places in the World,en-US,3.83,23023,25025,3099,439,1553,6370,10237,6426,https://s.gr-assets.com/assets/nophoto/book/111x148-bcc042a9c91a29c1d680899eff700a03.png,https://s.gr-assets.com/assets/nophoto/book/50x75-a91bf249278a81aabab721ef782c4a74.png,1578,1411,1259.0
4115,17910054,17910054,25095506,51,805092994,9780805093000.0,Elizabeth Kolbert,2014.0,The Sixth Extinction: An Unnatural History,The Sixth Extinction: An Unnatural History,eng,4.09,21113,24757,3053,488,837,3914,10137,9381,https://images.gr-assets.com/books/1372677697m/17910054.jpg,https://images.gr-assets.com/books/1372677697s/17910054.jpg,1520,981,0.0
4117,99315,99315,95744,42,1594481717,9781594481710.0,Daniel H. Pink,2004.0,A Whole New Mind: Why Right-Brainers Will Rule the Future,A Whole New Mind: Why Right-Brainers Will Rule the Future,eng,3.95,20852,21946,1680,436,1232,4725,8076,7477,https://images.gr-assets.com/books/1309284710m/99315.jpg,https://images.gr-assets.com/books/1309284710s/99315.jpg,1934,763,7.0
4119,2094,2094,16552333,89,553804367,9780553804360.0,"Stephen Hawking, Leonard Mlodinow",2005.0,A Briefer History of Time,A Briefer History of Time,eng,4.19,19838,22637,888,228,574,3555,8647,9633,https://s.gr-assets.com/assets/nophoto/book/111x148-bcc042a9c91a29c1d680899eff700a03.png,https://s.gr-assets.com/assets/nophoto/book/50x75-a91bf249278a81aabab721ef782c4a74.png,1111,821,0.0
4120,117047,117047,112713,66,141026162,9780141026170.0,Richard Dawkins,1986.0,The Blind Watchmaker: Why the Evidence of Evolution Reveals a Universe Without Design,The Blind Watchmaker: Why the Evidence of Evolution Reveals a Universe Without Design,eng,4.08,21141,23415,736,509,772,3960,9218,8956,https://s.gr-assets.com/assets/nophoto/book/111x148-bcc042a9c91a29c1d680899eff700a03.png,https://s.gr-assets.com/assets/nophoto/book/50x75-a91bf249278a81aabab721ef782c4a74.png,2098,1083,173.0
4147,11709037,11709037,16656588,24,1592406599,9781592406590.0,David McRaney,2011.0,‎You Are Not So Smart‎,"You Are Not So Smart: Why You Have Too Many Friends on Facebook, Why Your Memory Is Mostly Fiction, and 46 Other Ways You're Deluding Yourself",en-US,3.85,20583,22226,1402,708,1418,5206,7980,6914,https://images.gr-assets.com/books/1391879112m/11709037.jpg,https://images.gr-assets.com/books/1391879112s/11709037.jpg,2535,1234,58.0
4191,68984,68984,2037992,199,553583182,9780553583180.0,"Joseph Murphy, Ian McMahan",1962.0,The Power of Your Subconscious Mind,The Power of Your Subconscious Mind,en-US,4.12,16951,22359,1054,555,1055,3761,6667,10321,https://s.gr-assets.com/assets/nophoto/book/111x148-bcc042a9c91a29c1d680899eff700a03.png,https://s.gr-assets.com/assets/nophoto/book/50x75-a91bf249278a81aabab721ef782c4a74.png,675,151,57.0
4225,20980987,20980987,40358230,26,1455581089,9781455581080.0,Amanda Palmer,2014.0,"The Art of Asking; or, How I Learned to Stop Worrying and Let People Help","The Art of Asking; or, How I Learned to Stop Worrying and Let People Help",eng,3.97,20075,22114,2349,1080,1341,3823,6721,9149,https://images.gr-assets.com/books/1408547261m/20980987.jpg,https://images.gr-assets.com/books/1408547261s/20980987.jpg,1515,1271,809.0
4260,95887,95887,2203492,116,1576754227,9781576754220.0,Brian Tracy,2001.0,Eat That Frog!: 21 Great Ways to Stop Procrastinating and Get More Done in Less Time,Eat That Frog!: 21 Great Ways to Stop Procrastinating and Get More Done in Less Time,en-US,3.84,18288,23687,1906,676,1714,5701,8138,7458,https://images.gr-assets.com/books/1328854785m/95887.jpg,https://images.gr-assets.com/books/1328854785s/95887.jpg,1324,337,0.0
4262,342504,342504,332860,369,1585426016,9781585426010.0,Wallace D. Wattles,1910.0,The Science of Getting Rich,The Science of Getting Rich,eng,4.18,19433,20746,544,474,871,3411,5671,10319,https://s.gr-assets.com/assets/nophoto/book/111x148-bcc042a9c91a29c1d680899eff700a03.png,https://s.gr-assets.com/assets/nophoto/book/50x75-a91bf249278a81aabab721ef782c4a74.png,546,120,25.0
4270,243685,243685,1167354,92,671201581,9780671201590.0,Bertrand Russell,1945.0,A History of Western Philosophy And Its Connection with Political and Social Circumstances from the Earliest Times to the Present Day,A History of Western Philosophy,en-US,4.05,20895,22493,686,523,1061,4006,7991,8912,https://images.gr-assets.com/books/1344399003m/243685.jpg,https://images.gr-assets.com/books/1344399003s/243685.jpg,3117,727,87.0
4330,22632,22632,23649,102,872205541,9780872205540.0,"Plato, G.M.A. Grube, John M. Cooper",-400.0,,The Trial and Death of Socrates,en-US,4.06,21829,22697,319,301,1001,4518,8001,8876,https://s.gr-assets.com/assets/nophoto/book/111x148-bcc042a9c91a29c1d680899eff700a03.png,https://s.gr-assets.com/assets/nophoto/book/50x75-a91bf249278a81aabab721ef782c4a74.png,1241,244,42.0
4332,261243,261243,804111,336,140440399,9780140440390.0,"Thucydides, Rex Warner, Moses I. Finley",-411.0,Ἱστορίαι,History of the Peloponnesian War,en-US,3.87,21500,24453,584,672,1745,5860,8019,8157,https://images.gr-assets.com/books/1422072332m/261243.jpg,https://images.gr-assets.com/books/1422072332s/261243.jpg,621,556,9.0
4341,70420,70420,717900,67,195189779,9780195189770.0,Tim Harford,2005.0,"The Undercover Economist: Exposing Why the Rich Are Rich, the Poor Are Poor--and Why You Can Never Buy a Decent Used Car!",The Undercover Economist,,3.79,17310,20348,975,376,1295,5573,8166,4938,https://s.gr-assets.com/assets/nophoto/book/111x148-bcc042a9c91a29c1d680899eff700a03.png,https://s.gr-assets.com/assets/nophoto/book/50x75-a91bf249278a81aabab721ef782c4a74.png,1904,742,0.0
4356,10639,10639,1157840,32,60005696,9780060005700.0,Barry Schwartz,2004.0,The Paradox of Choice: Why More Is Less,The Paradox of Choice: Why More Is Less,eng,3.84,20990,21859,1076,491,1349,5666,8113,6240,https://images.gr-assets.com/books/1410138134m/10639.jpg,https://images.gr-assets.com/books/1410138134s/10639.jpg,2305,945,0.0
4366,7723797,7723797,9815226,35,2839906171,9782839906170.0,"Alexander Osterwalder, Yves Pigneur",2010.0,Business Model Generation,Business Model Generation,eng,4.16,20389,22933,464,452,937,3654,7281,10609,https://images.gr-assets.com/books/1384676138m/7723797.jpg,https://images.gr-assets.com/books/1384676138s/7723797.jpg,1039,88,0.0
4367,10954979,13707734,15872618,37,393064476,9780393064480.0,Stephen Greenblatt,2011.0,The Swerve: How the World Became Modern,The Swerve: How the World Became Modern,eng,3.83,13405,20790,2179,810,1553,4569,7209,6649,https://images.gr-assets.com/books/1406088245m/10954979.jpg,https://images.gr-assets.com/books/1406088245s/10954979.jpg,1671,1292,121.0
4370,570172,570172,557215,53,067003830X,9780670038300.0,Norman Doidge,2007.0,The Brain That Changes Itself: Stories of Personal Triumph from the Frontiers of Brain Science,The Brain That Changes Itself: Stories of Personal Triumph from the Frontiers of Brain Science,en-US,4.2,19319,22206,1651,333,681,3303,7791,10098,https://s.gr-assets.com/assets/nophoto/book/111x148-bcc042a9c91a29c1d680899eff700a03.png,https://s.gr-assets.com/assets/nophoto/book/50x75-a91bf249278a81aabab721ef782c4a74.png,2870,1109,0.0
4395,241823,241823,981745,91,345409876,9780345409870.0,Clarissa Pinkola Estés,1992.0,Women Who Run With the Wolves,Women Who Run With the Wolves: Myths and Stories of the Wild Woman Archetype,eng,4.15,21127,24120,1682,646,1355,3671,6472,11976,https://images.gr-assets.com/books/1500974527m/241823.jpg,https://images.gr-assets.com/books/1500974527s/241823.jpg,1631,1163,268.0
4397,56452,56452,1045276,37,743201140,9780743201150.0,"Marcus Buckingham, Donald O. Clifton",2001.0,"Now, Discover Your Strengths","Now, Discover Your Strengths",,3.95,19767,20318,587,376,1082,4673,7146,7041,https://s.gr-assets.com/assets/nophoto/book/111x148-bcc042a9c91a29c1d680899eff700a03.png,https://s.gr-assets.com/assets/nophoto/book/50x75-a91bf249278a81aabab721ef782c4a74.png,1105,240,3.0
4398,2467566,2467566,989032,84,1401309666,9781401309660.0,Chris Anderson,2006.0,The Long Tail: Why the Future of Business Is Selling Less of More,The Long Tail: Why the Future of Business is Selling Less of More,en-US,3.83,14932,22270,669,680,1387,5343,8487,6373,https://s.gr-assets.com/assets/nophoto/book/111x148-bcc042a9c91a29c1d680899eff700a03.png,https://s.gr-assets.com/assets/nophoto/book/50x75-a91bf249278a81aabab721ef782c4a74.png,1605,422,0.0
4399,54270,54270,2049624,573,395083621,9780395083630.0,Adolf Hitler,1925.0,Mein Kampf,Mein Kampf,en-US,3.13,16285,23637,2272,3362,4062,6913,4851,4449,https://images.gr-assets.com/books/1395618385m/54270.jpg,https://images.gr-assets.com/books/1395618385s/54270.jpg,675,547,532.0
4404,783127,783127,769132,65,684856093,9780684856090.0,Sean Covey,1997.0,The 7 Habits Of Highly Effective Teens,The 7 Habits of Highly Effective Teens: The Ultimate Teenage Success Guide,eng,4.01,19240,21057,1508,820,1218,3786,6392,8841,https://s.gr-assets.com/assets/nophoto/book/111x148-bcc042a9c91a29c1d680899eff700a03.png,https://s.gr-assets.com/assets/nophoto/book/50x75-a91bf249278a81aabab721ef782c4a74.png,751,376,26.0
4411,37875,37875,37673,34,1591840562,9781591840560.0,Guy Kawasaki,2004.0,"The Art of the Start: The Time-Tested, Battle-Hardened Guide for Anyone Starting Anything","The Art of the Start: The Time-Tested, Battle-Hardened Guide for Anyone Starting Anything",en-US,3.82,18466,18796,404,773,1344,4613,5888,6178,https://s.gr-assets.com/assets/nophoto/book/111x148-bcc042a9c91a29c1d680899eff700a03.png,https://s.gr-assets.com/assets/nophoto/book/50x75-a91bf249278a81aabab721ef782c4a74.png,636,130,0.0
4417,7815744,7815744,10840474,53,61995037,9780061995030.0,Dan Ariely,2010.0,The Upside of Irrationality: The Unexpected Benefits of Defying Logic at Work and at Home,The Upside of Irrationality: The Unexpected Benefits of Defying Logic at Work and at Home,en-US,4.0,22422,23562,799,361,1070,5036,8953,8142,https://images.gr-assets.com/books/1268511997m/7815744.jpg,https://images.gr-assets.com/books/1268511997s/7815744.jpg,1901,684,0.0
4477,11337189,11337189,16265802,39,145162445X,9781451624460.0,"Lawrence M. Krauss, Richard Dawkins",2012.0,A Universe from Nothing: Why There Is Something Rather Than Nothing,A Universe from Nothing: Why There Is Something Rather Than Nothing,eng,3.92,17204,19149,1038,641,1048,3926,7047,6487,https://images.gr-assets.com/books/1365217267m/11337189.jpg,https://images.gr-assets.com/books/1365217267s/11337189.jpg,2001,515,50.0
4485,10033,10033,973089,75,415278481,9780415278480.0,"Jean-Paul Sartre, Hazel E. Barnes, Mary Warnock, Richard Eyre",1943.0,L'être et le néant,Being and Nothingness,en-GB,3.94,19897,21146,311,546,1167,4499,7637,7297,https://images.gr-assets.com/books/1329978583m/10033.jpg,https://images.gr-assets.com/books/1329978583s/10033.jpg,2274,414,35.0
4487,27333,27333,880193,74,618249060,9780618249060.0,"Rachel Carson, Linda Lear, Edward O. Wilson",1962.0,Silent Spring,Silent Spring,en-US,3.94,24027,25328,1415,611,1311,5511,9428,8467,https://s.gr-assets.com/assets/nophoto/book/111x148-bcc042a9c91a29c1d680899eff700a03.png,https://s.gr-assets.com/assets/nophoto/book/50x75-a91bf249278a81aabab721ef782c4a74.png,2137,1690,12.0
4493,72536,72536,118905,26,767915828,9780767915820.0,Martha Stout,2005.0,The Sociopath Next Door,The Sociopath Next Door,eng,3.75,21550,23035,1896,705,1790,6318,7948,6274,https://s.gr-assets.com/assets/nophoto/book/111x148-bcc042a9c91a29c1d680899eff700a03.png,https://s.gr-assets.com/assets/nophoto/book/50x75-a91bf249278a81aabab721ef782c4a74.png,2182,1213,41.0
4536,211099,211099,204315,49,812932293,9780812932290.0,Richard Branson,2011.0,"Losing My Virginity: How I've Survived, Had Fun, and Made a Fortune Doing Business My Way","Losing My Virginity: How I've Survived, Had Fun, and Made a Fortune Doing Business My Way",eng,3.97,26225,28791,844,1260,1359,5181,10085,10906,https://s.gr-assets.com/assets/nophoto/book/111x148-bcc042a9c91a29c1d680899eff700a03.png,https://s.gr-assets.com/assets/nophoto/book/50x75-a91bf249278a81aabab721ef782c4a74.png,692,247,365.0
4597,318742,318742,1137159,387,014018998X,9780140189990.0,"W.E.B. Du Bois, Donald B. Gibson, Monica W. Elbert",1903.0,The Souls of Black Folk,The Souls of Black Folk,,4.24,20355,23970,849,256,673,3575,7950,11516,https://images.gr-assets.com/books/1309202855m/318742.jpg,https://images.gr-assets.com/books/1309202855s/318742.jpg,828,727,48.0
4601,25690958,25690958,45519636,24,,,Shonda Rhimes,2015.0,,"Year of Yes: How to Dance It Out, Stand In the Sun and Be Your Own Person",eng,4.05,25816,29603,3643,711,1454,5260,10269,11909,https://images.gr-assets.com/books/1443552148m/25690958.jpg,https://images.gr-assets.com/books/1443552148s/25690958.jpg,1388,1115,880.0
4620,781182,781182,1011004,31,60536357,9780060536350.0,"Bryan Burrough, John Helyar",1990.0,Barbarians at the Gate: The Fall of RJR Nabisco,Barbarians at the Gate: The Fall of RJR Nabisco,en-US,4.22,19176,20547,548,247,544,2941,7599,9216,https://s.gr-assets.com/assets/nophoto/book/111x148-bcc042a9c91a29c1d680899eff700a03.png,https://s.gr-assets.com/assets/nophoto/book/50x75-a91bf249278a81aabab721ef782c4a74.png,1251,346,14.0
4661,61663,61663,1816628,10,345376595,9780345376600.0,"Carl Sagan, Ann Druyan",1994.0,Pale Blue Dot: A Vision of the Human Future in Space,Pale Blue Dot: A Vision of the Human Future in Space,eng,4.32,19834,20602,661,380,517,2206,6529,10970,https://images.gr-assets.com/books/1500191671m/61663.jpg,https://images.gr-assets.com/books/1500191671s/61663.jpg,2661,991,0.0
4664,2251306,2251306,2257186,43,979777704,9780979777710.0,John Medina,2008.0,"Brain Rules: 12 Principles for Surviving and Thriving at Work, Home, and School","Brain Rules: 12 Principles for Surviving and Thriving at Work, Home, and School",,4.0,19172,21882,1362,294,1037,4683,8266,7602,https://images.gr-assets.com/books/1328763686m/2251306.jpg,https://images.gr-assets.com/books/1328763686s/2251306.jpg,981,286,16.0
4684,25698,25698,1373762,513,553585975,9780553585970.0,Adam Smith,1776.0,An Inquiry into the Nature and Causes of the Wealth of Nations ,The Wealth of Nations,eng,3.87,17180,20550,667,365,1331,5253,7277,6324,https://s.gr-assets.com/assets/nophoto/book/111x148-bcc042a9c91a29c1d680899eff700a03.png,https://s.gr-assets.com/assets/nophoto/book/50x75-a91bf249278a81aabab721ef782c4a74.png,2974,791,0.0
4695,31862,31862,2342366,73,872204200,9780872204200.0,"René Descartes, Donald A. Cress",1637.0,Discours de la Méthode suivi de Méditations Métaphysiques,Discourse on Method and Meditations on First Philosophy,eng,3.67,20522,21289,306,651,1997,6288,7044,5309,https://images.gr-assets.com/books/1405624402m/31862.jpg,https://images.gr-assets.com/books/1405624402s/31862.jpg,1697,295,41.0
4699,68143,68143,3250675,38,385721706,9780385721710.0,James Surowiecki,2004.0,The Wisdom of Crowds,The Wisdom of Crowds,eng,3.8,18457,19282,627,421,1364,5148,7135,5214,https://s.gr-assets.com/assets/nophoto/book/111x148-bcc042a9c91a29c1d680899eff700a03.png,https://s.gr-assets.com/assets/nophoto/book/50x75-a91bf249278a81aabab721ef782c4a74.png,1256,555,0.0
4702,8676,8676,165637,70,684845776,9780684845780.0,"Anthony Robbins, Kenneth H. Blanchard, Jason Winters",1986.0,Unlimited Power : The New Science Of Personal Achievement,Unlimited Power : The New Science Of Personal Achievement,,4.21,18588,19679,381,361,725,3052,5911,9630,https://images.gr-assets.com/books/1419212761m/8676.jpg,https://images.gr-assets.com/books/1419212761s/8676.jpg,547,92,2.0
4727,18288,18288,1072226,383,521657296,9780521657300.0,"Immanuel Kant, Paul Guyer, Allen W. Wood",1781.0,Kritik der reinen Vernunft,Critique of Pure Reason,eng,3.92,19521,21509,454,688,1489,4643,6790,7899,https://s.gr-assets.com/assets/nophoto/book/111x148-bcc042a9c91a29c1d680899eff700a03.png,https://s.gr-assets.com/assets/nophoto/book/50x75-a91bf249278a81aabab721ef782c4a74.png,2815,455,35.0
4733,385228,385228,2387235,410,140432078,9780140432080.0,John Stuart Mill,1859.0,On Liberty,On Liberty,eng,3.93,19604,21567,566,344,1201,5117,7759,7146,https://images.gr-assets.com/books/1459346459m/385228.jpg,https://images.gr-assets.com/books/1459346459s/385228.jpg,1217,619,16.0
4740,213233,213233,1573617,26,805082115,9780805082110.0,Atul Gawande,2007.0,Better: A Surgeon's Notes on Performance,Better: A Surgeon's Notes on Performance,en-US,4.19,17109,19064,1579,90,390,2914,8043,7627,https://s.gr-assets.com/assets/nophoto/book/111x148-bcc042a9c91a29c1d680899eff700a03.png,https://s.gr-assets.com/assets/nophoto/book/50x75-a91bf249278a81aabab721ef782c4a74.png,1145,839,111.0
4744,49176,49176,817417,79,345032799,9780345032800.0,Eric Berne,1964.0,Games People Play,Games People Play,en-US,3.81,17035,19189,596,415,1483,5128,6427,5736,https://s.gr-assets.com/assets/nophoto/book/111x148-bcc042a9c91a29c1d680899eff700a03.png,https://s.gr-assets.com/assets/nophoto/book/50x75-a91bf249278a81aabab721ef782c4a74.png,501,131,0.0
4748,206309,206309,1138219,47,786866020,9780786866020.0,"Stephen C. Lundin, Harry Paul, John Christensen, Kenneth H. Blanchard",1996.0,Fish! A Remarkable Way to Boost Morale and Improve Results,Fish: A Proven Way to Boost Morale and Improve Results,eng,3.92,19405,20340,770,466,1291,4735,6684,7164,https://images.gr-assets.com/books/1393219562m/206309.jpg,https://images.gr-assets.com/books/1393219562s/206309.jpg,776,200,0.0
4758,161744,161744,2548496,538,143036254,9780143036260.0,Thomas Paine,1776.0,Common Sense,Common Sense,eng,3.97,16864,22652,1122,281,1132,5353,8174,7712,https://images.gr-assets.com/books/1309209451m/161744.jpg,https://images.gr-assets.com/books/1309209451s/161744.jpg,1470,886,14.0
4767,13435889,13435889,18938981,37,547564651,9780547564650.0,Paul Tough,2012.0,"How Children Succeed: Grit, Curiosity, and the Hidden Power of Character","How Children Succeed: Grit, Curiosity, and the Hidden Power of Character",eng,3.91,16402,18145,1947,323,872,4268,7381,5301,https://images.gr-assets.com/books/1344730141m/13435889.jpg,https://images.gr-assets.com/books/1344730141s/13435889.jpg,1427,1099,502.0
4803,17660462,17660462,24650037,54,316219266,9780316219270.0,Brad Stone,2013.0,,The Everything Store: Jeff Bezos and the Age of Amazon,eng,4.06,20539,24678,1577,391,774,4261,10710,8542,https://images.gr-assets.com/books/1365394361m/17660462.jpg,https://images.gr-assets.com/books/1365394361s/17660462.jpg,1428,419,360.0
4823,1635,1635,1436710,37,609610570,9780609610570.0,"Larry Bossidy, Ram Charan, Charles Burck",2009.0,,Execution: The Discipline of Getting Things Done,en-US,3.83,18065,18545,313,502,1362,4635,6322,5724,https://images.gr-assets.com/books/1350857284m/1635.jpg,https://images.gr-assets.com/books/1350857284s/1635.jpg,948,69,0.0
4824,20663702,25189315,39962326,23,393240231,9780393240240.0,Caitlin Doughty,2014.0,Smoke Gets in Your Eyes: And Other Lessons from the Crematory,Smoke Gets in Your Eyes: And Other Lessons from the Crematory,eng,4.04,10979,21669,3029,550,941,3694,8369,8115,https://images.gr-assets.com/books/1416181987m/20663702.jpg,https://images.gr-assets.com/books/1416181987s/20663702.jpg,2310,2123,1156.0
4843,15797397,15797397,21520265,39,1400069807,9781400069800.0,Michael Moss,2013.0,Salt Sugar Fat: How the Food Giants Hooked Us ,Salt Sugar Fat: How the Food Giants Hooked Us,eng,3.98,18542,20455,2615,407,876,4094,8465,6613,https://images.gr-assets.com/books/1361919312m/15797397.jpg,https://images.gr-assets.com/books/1361919312s/15797397.jpg,2102,1761,835.0
4880,73945,73945,1692879,306,865163480,9780865163480.0,"Plato, James J. Helm",-390.0,Απολογία,Apology,eng,4.15,18261,22265,671,301,818,3836,7668,9642,https://s.gr-assets.com/assets/nophoto/book/111x148-bcc042a9c91a29c1d680899eff700a03.png,https://s.gr-assets.com/assets/nophoto/book/50x75-a91bf249278a81aabab721ef782c4a74.png,1740,365,19.0
4887,6694937,6694937,6890544,21,61733636,9780061733640.0,"John Heilemann, Mark Halperin",2010.0,"Game Change: Obama and the Clintons, McCain and Palin, and the Race of a Lifetime","Game Change: Obama and the Clintons, McCain and Palin, and the Race of a Lifetime",,4.1,16800,18986,2555,119,486,3209,8656,6516,https://s.gr-assets.com/assets/nophoto/book/111x148-bcc042a9c91a29c1d680899eff700a03.png,https://s.gr-assets.com/assets/nophoto/book/50x75-a91bf249278a81aabab721ef782c4a74.png,985,965,37.0
4893,148821,148821,515240,30,142000159,9780142000150.0,Ross King,2000.0,Brunelleschi's Dome: How a Renaissance Genius Reinvented Architecture,Brunelleschi's Dome: How a Renaissance Genius Reinvented Architecture,en-US,3.84,17931,18672,677,744,1261,4278,6357,6032,https://images.gr-assets.com/books/1309288056m/148821.jpg,https://images.gr-assets.com/books/1309288056s/148821.jpg,603,557,78.0
4908,900,900,387,44,60554738,9780060554740.0,Neil Strauss,2005.0,The Game,The Game: Penetrating the Secret Society of Pickup Artists,en-US,3.73,16698,19145,1517,702,1643,4766,6953,5081,https://images.gr-assets.com/books/1410129471m/900.jpg,https://images.gr-assets.com/books/1410129471s/900.jpg,773,580,174.0
4953,18176747,18176747,25548865,20,62273205,9780062273210.0,Ben Horowitz,2014.0,The Hard Thing about Hard Things: Building A Business When There Are No Easy Answers,The Hard Thing About Hard Things: Building a Business When There Are No Easy Answers,eng,4.2,19492,22549,1300,413,779,3215,7627,10515,https://images.gr-assets.com/books/1386609333m/18176747.jpg,https://images.gr-assets.com/books/1386609333s/18176747.jpg,1337,218,29.0
4958,10909804,10909804,10270290,33,1592406521,9781592406520.0,Simon Garfield,2010.0,Just My Type: A Book About Fonts,Just My Type: A Book About Fonts,en-US,3.79,22046,23329,1176,1126,1938,5496,6966,7803,https://images.gr-assets.com/books/1327886002m/10909804.jpg,https://images.gr-assets.com/books/1327886002s/10909804.jpg,1568,1109,9.0
5008,720298,720298,706540,40,894864025,9780894864020.0,Melody Beattie,1986.0,Codependent No More: How to Stop Controlling Others and Start Caring for Yourself,Codependent No More: How to Stop Controlling Others and Start Caring for Yourself,,4.13,18340,19838,737,315,853,3510,6440,8720,https://s.gr-assets.com/assets/nophoto/book/111x148-bcc042a9c91a29c1d680899eff700a03.png,https://s.gr-assets.com/assets/nophoto/book/50x75-a91bf249278a81aabab721ef782c4a74.png,670,184,31.0
5012,6496815,6496815,6688299,39,446504122,9780446504130.0,"Po Bronson, Ashley Merryman",2008.0,NurtureShock: New Thinking About Children,NurtureShock: New Thinking About Children,en-US,4.04,17310,20054,2789,218,733,3803,8585,6715,https://s.gr-assets.com/assets/nophoto/book/111x148-bcc042a9c91a29c1d680899eff700a03.png,https://s.gr-assets.com/assets/nophoto/book/50x75-a91bf249278a81aabab721ef782c4a74.png,1739,1317,395.0
5027,4591,4591,1987129,44,60894083,9780060894080.0,Matt Ridley,1999.0,Genome: The Autobiography of a Species in 23 Chapters,Genome: the Autobiography of a Species in 23 Chapters,en-US,4.02,17684,18917,713,422,777,3656,7196,6866,https://s.gr-assets.com/assets/nophoto/book/111x148-bcc042a9c91a29c1d680899eff700a03.png,https://s.gr-assets.com/assets/nophoto/book/50x75-a91bf249278a81aabab721ef782c4a74.png,2361,892,0.0
5051,18646,18646,2351782,60,140280553,9780140280560.0,Dava Sobel,1999.0,Galileo's Daughter,"Galileo's Daughter: A Historical Memoir of Science, Faith and Love",en-US,3.74,21260,22333,1363,667,1607,6106,8420,5533,https://images.gr-assets.com/books/1414607526m/18646.jpg,https://images.gr-assets.com/books/1414607526s/18646.jpg,1542,1091,788.0
5068,210404,210404,321811,74,195007778,9780195007770.0,Aldo Leopold,1949.0,A Sand County Almanac,A Sand County Almanac and Sketches Here and There,,4.24,16792,19142,908,184,601,2919,6156,9282,https://s.gr-assets.com/assets/nophoto/book/111x148-bcc042a9c91a29c1d680899eff700a03.png,https://s.gr-assets.com/assets/nophoto/book/50x75-a91bf249278a81aabab721ef782c4a74.png,942,648,85.0
5120,647,647,621375,73,312421435,9780312421430.0,Naomi Klein,1999.0,No Logo,No Logo,en-US,3.86,18792,20634,767,415,1279,4865,8205,5870,https://s.gr-assets.com/assets/nophoto/book/111x148-bcc042a9c91a29c1d680899eff700a03.png,https://s.gr-assets.com/assets/nophoto/book/50x75-a91bf249278a81aabab721ef782c4a74.png,1803,1270,0.0
5163,781844,781844,6253,64,684839385,9780684839390.0,Elisabeth Kübler-Ross,1969.0,On Death and Dying,On Death and Dying,eng,4.15,17937,19625,365,137,606,3630,7013,8239,https://s.gr-assets.com/assets/nophoto/book/111x148-bcc042a9c91a29c1d680899eff700a03.png,https://s.gr-assets.com/assets/nophoto/book/50x75-a91bf249278a81aabab721ef782c4a74.png,719,431,112.0
5210,80369,80369,1946946,70,679752552,9780679752550.0,"Michel Foucault, Alan Sheridan, Thomas Mathiesen, Walter Seitter, Drago Braco Rotar",1975.0,Surveiller et punir. Naissance de la prison,Discipline and Punish: The Birth of the Prison,eng,4.21,16892,18390,593,224,539,2626,6772,8229,https://images.gr-assets.com/books/1400737037m/80369.jpg,https://images.gr-assets.com/books/1400737037s/80369.jpg,2054,750,10.0
5226,1491906,1491906,1483174,21,1594201501,9781594201510.0,Sudhir Venkatesh,2008.0,Gang Leader for a Day,Gang Leader for a Day: A Rogue Sociologist Takes to the Streets,,4.01,15387,17196,1562,181,697,3557,7155,5606,https://s.gr-assets.com/assets/nophoto/book/111x148-bcc042a9c91a29c1d680899eff700a03.png,https://s.gr-assets.com/assets/nophoto/book/50x75-a91bf249278a81aabab721ef782c4a74.png,1006,864,224.0
5228,183554,183554,177444,44,785281126,9780785281120.0,John C. Maxwell,1993.0,Developing the Leader Within You,Developing the Leader Within You,,4.18,15817,16298,256,215,564,2700,5424,7395,https://s.gr-assets.com/assets/nophoto/book/111x148-bcc042a9c91a29c1d680899eff700a03.png,https://s.gr-assets.com/assets/nophoto/book/50x75-a91bf249278a81aabab721ef782c4a74.png,800,81,27.0
5255,9827912,9827912,14423132,50,307377334,9780307377330.0,David Eagleman,2011.0,Incognito: The Secret Lives of the Brain,Incognito: The Secret Lives of the Brain,eng,3.98,11957,17969,1301,312,866,3739,6934,6118,https://s.gr-assets.com/assets/nophoto/book/111x148-bcc042a9c91a29c1d680899eff700a03.png,https://s.gr-assets.com/assets/nophoto/book/50x75-a91bf249278a81aabab721ef782c4a74.png,2223,901,0.0
5256,22543,20663770,1204936,26,393062244,9780393062240.0,Neil deGrasse Tyson,2006.0,Death by Black Hole: And Other Cosmic Quandaries,Death by Black Hole - And Other Cosmic Quandaries,eng,4.11,9815,18702,1021,404,645,2981,7133,7539,https://images.gr-assets.com/books/1395019749m/22543.jpg,https://images.gr-assets.com/books/1395019749s/22543.jpg,2782,1144,25.0
5258,17977,17977,3135643,37,061861916X,9780618619160.0,Richard Dawkins,2004.0,The Ancestor's Tale: A Pilgrimage to the Dawn of Evolution,The Ancestor's Tale: A Pilgrimage to the Dawn of Evolution,en-US,4.13,16775,17617,606,542,667,2645,5946,7817,https://s.gr-assets.com/assets/nophoto/book/111x148-bcc042a9c91a29c1d680899eff700a03.png,https://s.gr-assets.com/assets/nophoto/book/50x75-a91bf249278a81aabab721ef782c4a74.png,2237,868,15.0
5269,38412,38412,38182,80,385493622,9780385493630.0,Simon Singh,1997.0,Fermat's Enigma: The Epic Quest to Solve the World's Greatest Mathematical Problem,Fermat's Enigma: The Epic Quest to Solve the World's Greatest Mathematical Problem,eng,4.22,15738,18750,780,98,368,2764,7593,7927,https://s.gr-assets.com/assets/nophoto/book/111x148-bcc042a9c91a29c1d680899eff700a03.png,https://s.gr-assets.com/assets/nophoto/book/50x75-a91bf249278a81aabab721ef782c4a74.png,2077,793,45.0
5283,588138,588138,971054,86,691017840,9780691017850.0,Joseph Campbell,1949.0,The Hero with a Thousand Faces,The Hero With a Thousand Faces,eng,4.24,17920,21207,1263,241,739,2978,6886,10363,https://s.gr-assets.com/assets/nophoto/book/111x148-bcc042a9c91a29c1d680899eff700a03.png,https://s.gr-assets.com/assets/nophoto/book/50x75-a91bf249278a81aabab721ef782c4a74.png,2366,1624,410.0
5327,457264,457264,879666,126,679724516,9780679724510.0,"Simone de Beauvoir, H.M. Parshley, Deirdre Bair",1949.0,"Le deuxième sexe: I. Les faits et les mythes, II. L'expérience vécue",The Second Sex,eng,4.09,18648,21160,833,243,794,3876,8087,8160,https://images.gr-assets.com/books/1327978178m/457264.jpg,https://images.gr-assets.com/books/1327978178s/457264.jpg,548,357,0.0
5334,923950,923950,908967,36,553062182,9780553062180.0,Elaine N. Aron,1996.0,The Highly Sensitive Person - How to Thrive when the World Overwhelms You,The Highly Sensitive Person: How to Thrive When the World Overwhelms You,eng,3.87,19447,20599,858,670,1406,4731,6985,6807,https://images.gr-assets.com/books/1320525063m/923950.jpg,https://images.gr-assets.com/books/1320525063s/923950.jpg,1925,836,18.0
5363,18775365,18775365,26680498,13,147673190X,9781476731900.0,Jeff Hobbs,2014.0,The Short and Tragic Life of Robert Peace: A Brilliant Young Man Who Left Newark for the Ivy League,The Short and Tragic Life of Robert Peace: A Brilliant Young Man Who Left Newark for the Ivy League,eng,4.13,14451,16770,2163,219,531,2686,6804,6530,https://images.gr-assets.com/books/1420938377m/18775365.jpg,https://images.gr-assets.com/books/1420938377s/18775365.jpg,834,834,498.0
5369,612188,612188,848877,71,679723951,9780679723950.0,"C.G. Jung, Aniela Jaffé, Richard Winston, Clara Winston",1961.0,"Erinnerungen, Träume, Gedanken von C.G. Jung","Memories, Dreams, Reflections",eng,4.19,16810,17604,453,373,614,2690,5618,8309,https://s.gr-assets.com/assets/nophoto/book/111x148-bcc042a9c91a29c1d680899eff700a03.png,https://s.gr-assets.com/assets/nophoto/book/50x75-a91bf249278a81aabab721ef782c4a74.png,1339,343,466.0
5420,61539,61539,1748176,85,226458083,9780226458080.0,Thomas S. Kuhn,1962.0,The Structure of Scientific Revolutions,The Structure of Scientific Revolutions,eng,3.98,15950,17508,838,484,1003,3297,6234,6490,https://images.gr-assets.com/books/1396422530m/61539.jpg,https://images.gr-assets.com/books/1396422530s/61539.jpg,1294,783,0.0
5424,255127,255127,254029,47,385517254,9780385517260.0,Peter M. Senge,1990.0,,The Fifth Discipline: The Art & Practice of The Learning Organization,,3.93,20935,21616,322,857,1311,4497,6850,8101,https://s.gr-assets.com/assets/nophoto/book/111x148-bcc042a9c91a29c1d680899eff700a03.png,https://s.gr-assets.com/assets/nophoto/book/50x75-a91bf249278a81aabab721ef782c4a74.png,1014,167,0.0
5471,84525,84525,81594,45,,9781781251560.0,"Marshall Goldsmith, Mark Reiter",2007.0,What Got You Here Won't Get You There: How Successful People Become Even More Successful,What Got You Here Won't Get You There: How Successful People Become Even More Successful,,3.94,14545,15974,513,293,884,3779,5612,5406,https://s.gr-assets.com/assets/nophoto/book/111x148-bcc042a9c91a29c1d680899eff700a03.png,https://s.gr-assets.com/assets/nophoto/book/50x75-a91bf249278a81aabab721ef782c4a74.png,691,198,0.0
5483,48019,48019,46992,62,60833459,9780060833460.0,Peter F. Drucker,1966.0,The Effective Executive: The Definitive Guide to Getting the Right Things Done (Harperbusiness Essentials),The Effective Executive: The Definitive Guide to Getting the Right Things Done (Harperbusiness Essentials),,4.11,16326,17223,378,318,721,3134,5701,7349,https://s.gr-assets.com/assets/nophoto/book/111x148-bcc042a9c91a29c1d680899eff700a03.png,https://s.gr-assets.com/assets/nophoto/book/50x75-a91bf249278a81aabab721ef782c4a74.png,1493,189,0.0
5495,10669,10669,13308,17,375758259,9780375758260.0,Roger Lowenstein,2000.0,When Genius Failed: The Rise and Fall of Long-Term Capital Management,When Genius Failed: The Rise and Fall of Long-Term Capital Management,en-US,4.16,15619,16476,460,183,395,2606,6635,6657,https://s.gr-assets.com/assets/nophoto/book/111x148-bcc042a9c91a29c1d680899eff700a03.png,https://s.gr-assets.com/assets/nophoto/book/50x75-a91bf249278a81aabab721ef782c4a74.png,1103,250,5.0
5496,44905,44905,937841,34,1590303164,9781590303160.0,Natalie Goldberg,1986.0,Writing Down the Bones: Freeing the Writer Within,Writing Down the Bones: Freeing the Writer Within,eng,4.17,18477,20838,1416,207,701,3527,7233,9170,https://s.gr-assets.com/assets/nophoto/book/111x148-bcc042a9c91a29c1d680899eff700a03.png,https://s.gr-assets.com/assets/nophoto/book/50x75-a91bf249278a81aabab721ef782c4a74.png,1112,1020,135.0
5514,166562,166562,160844,59,074349282X,9780743492830.0,Aron Ralston,2004.0,Between a Rock and a Hard Place,Between a Rock and a Hard Place,en-US,3.82,14350,17038,1659,405,1201,4265,6428,4739,https://s.gr-assets.com/assets/nophoto/book/111x148-bcc042a9c91a29c1d680899eff700a03.png,https://s.gr-assets.com/assets/nophoto/book/50x75-a91bf249278a81aabab721ef782c4a74.png,564,564,468.0
5529,13530973,13530973,19092611,47,1400067820,9781400067820.0,Nassim Nicholas Taleb,2012.0,Antifragile: Things That Gain from Disorder,Antifragile: Things That Gain from Disorder,eng,4.04,16184,18506,1578,705,1113,2979,5654,8055,https://images.gr-assets.com/books/1352422827m/13530973.jpg,https://images.gr-assets.com/books/1352422827s/13530973.jpg,1937,353,0.0
5531,13259270,13259270,18360833,13,1451683405,9781451683400.0,Sam Harris,2012.0,Free Will,Free Will,eng,3.83,15647,16913,1193,615,1206,3887,5979,5226,https://images.gr-assets.com/books/1332196118m/13259270.jpg,https://images.gr-assets.com/books/1332196118s/13259270.jpg,949,491,130.0
5537,5752,5752,9151,36,142003344,9780142003340.0,Steven Pinker,2002.0,The Blank Slate: The Modern Denial of Human Nature,The Blank Slate: The Modern Denial of Human Nature,eng,4.07,15647,16429,643,397,803,2781,5801,6647,https://s.gr-assets.com/assets/nophoto/book/111x148-bcc042a9c91a29c1d680899eff700a03.png,https://s.gr-assets.com/assets/nophoto/book/50x75-a91bf249278a81aabab721ef782c4a74.png,2676,814,19.0
5545,28212,28212,1080309,29,312241356,9780312241350.0,"Randy Shilts, William Greider",1987.0,"And the Band Played On: Politics, People, and the AIDS Epidemic","And the Band Played On: Politics, People, and the AIDS Epidemic",,4.37,16769,17953,952,152,324,1945,5815,9717,https://s.gr-assets.com/assets/nophoto/book/111x148-bcc042a9c91a29c1d680899eff700a03.png,https://s.gr-assets.com/assets/nophoto/book/50x75-a91bf249278a81aabab721ef782c4a74.png,1525,1310,10.0
5610,1044141,1044141,1673783,68,743287932,9780743287940.0,Stephen R. Covey,,,The 8th Habit: From Effectiveness to Greatness,en-US,3.99,13765,14396,330,319,789,2989,4904,5395,https://s.gr-assets.com/assets/nophoto/book/111x148-bcc042a9c91a29c1d680899eff700a03.png,https://s.gr-assets.com/assets/nophoto/book/50x75-a91bf249278a81aabab721ef782c4a74.png,732,119,0.0
5634,7054123,7054123,7305202,19,1594202435,9781594202440.0,Deborah Blum,2010.0,The Poisoner's Handbook: Murder and the Birth of Forensic Medicine in Jazz Age New York,The Poisoner's Handbook: Murder and the Birth of Forensic Medicine in Jazz Age New York,en-US,4.0,18997,20223,2188,455,886,4030,7784,7068,https://s.gr-assets.com/assets/nophoto/book/111x148-bcc042a9c91a29c1d680899eff700a03.png,https://s.gr-assets.com/assets/nophoto/book/50x75-a91bf249278a81aabab721ef782c4a74.png,2756,2077,260.0
5640,23317538,23317538,42872911,27,812995821,9780812995820.0,Brené Brown,2015.0,Rising Strong,Rising Strong,en-GB,4.19,22022,23919,1910,506,922,3320,8037,11134,https://images.gr-assets.com/books/1428641002m/23317538.jpg,https://images.gr-assets.com/books/1428641002s/23317538.jpg,1919,1103,59.0
5675,180463,180463,5429,40,1576751740,9781576751750.0,The Arbinger Institute,2000.0,Leadership and Self Deception: Getting Out of the Box,Leadership and Self-Deception: Getting Out of the Box,,4.11,13531,15706,1681,303,717,2684,5249,6753,https://s.gr-assets.com/assets/nophoto/book/111x148-bcc042a9c91a29c1d680899eff700a03.png,https://s.gr-assets.com/assets/nophoto/book/50x75-a91bf249278a81aabab721ef782c4a74.png,761,111,12.0
5690,11256979,11256979,16183684,54,1439192812,9781439192820.0,"Richard Dawkins, Dave McKean",2011.0,The Magic of Reality: How We Know What's Really True,The Magic of Reality: How We Know What's Really True,en-US,4.04,14511,17067,1228,499,790,3094,5908,6776,https://images.gr-assets.com/books/1327883246m/11256979.jpg,https://images.gr-assets.com/books/1327883246s/11256979.jpg,1819,589,82.0
5702,21856367,21856367,41129225,46,147670869X,9781476708690.0,Walter Isaacson,2014.0,"The Innovators: How a Group of Inventors, Hackers, Geniuses and Geeks Created the Digital Revolution","The Innovators: How a Group of  Hackers, Geniuses and Geeks Created the Digital Revolution",eng,4.03,14890,16810,1393,481,693,2882,6481,6273,https://images.gr-assets.com/books/1410191571m/21856367.jpg,https://images.gr-assets.com/books/1410191571s/21856367.jpg,1768,863,107.0
5713,6474550,6474550,6665719,35,61914177,9780061914170.0,Gary Vaynerchuk,2009.0,Crush It!: Why Now Is the Time to Cash in on Your Passion,Crush It!: Why Now Is the Time to Cash In on Your Passion,en-US,3.85,17271,17926,856,536,1405,4310,5641,6034,https://s.gr-assets.com/assets/nophoto/book/111x148-bcc042a9c91a29c1d680899eff700a03.png,https://s.gr-assets.com/assets/nophoto/book/50x75-a91bf249278a81aabab721ef782c4a74.png,1024,177,0.0
5723,56465,56465,1212277,27,747538352,9780747538360.0,Gavin de Becker,1997.0,The Gift of Fear: and Other Survival Signals That Protect Us from Violence,The Gift of Fear: Survival Signals That Protect Us from Violence,,4.19,14609,18708,2231,194,587,3086,6513,8328,https://s.gr-assets.com/assets/nophoto/book/111x148-bcc042a9c91a29c1d680899eff700a03.png,https://s.gr-assets.com/assets/nophoto/book/50x75-a91bf249278a81aabab721ef782c4a74.png,2290,1512,59.0
5761,522525,522525,2171014,39,151010986,9780151010980.0,"Carol Tavris, Elliot Aronson",2007.0,"Mistakes Were Made (But Not by Me): Why We Justify Foolish Beliefs, Bad Decisions, and Hurtful Acts","Mistakes Were Made (But Not by Me): Why We Justify Foolish Beliefs, Bad Decisions, and Hurtful Acts",en-US,3.99,15249,16352,741,392,851,3443,5444,6222,https://images.gr-assets.com/books/1328876733m/522525.jpg,https://images.gr-assets.com/books/1328876733s/522525.jpg,1055,589,0.0
5765,49234,49234,1677648,56,60845503,9780060845510.0,Jared Diamond,1991.0,The Third Chimpanzee: The Evolution and Future of the Human Animal,The Third Chimpanzee: The Evolution and Future of the Human Animal,eng,4.04,15362,16369,633,234,621,3210,6547,5757,https://s.gr-assets.com/assets/nophoto/book/111x148-bcc042a9c91a29c1d680899eff700a03.png,https://s.gr-assets.com/assets/nophoto/book/50x75-a91bf249278a81aabab721ef782c4a74.png,1824,852,0.0
5772,142292,142292,137242,67,1430300612,9781430300620.0,Jill Bolte Taylor,2006.0,My Stroke of Insight,My Stroke of Insight: A Brain Scientist's Personal Journey,en-US,3.86,14734,18509,2900,259,1378,4614,6702,5556,https://s.gr-assets.com/assets/nophoto/book/111x148-bcc042a9c91a29c1d680899eff700a03.png,https://s.gr-assets.com/assets/nophoto/book/50x75-a91bf249278a81aabab721ef782c4a74.png,1556,944,730.0
5779,61329,61329,59649,24,60517123,9780060517120.0,"Geoffrey A. Moore, Regis McKenna",1991.0,Crossing the Chasm: Marketing and Selling High-Tech Products to Mainstream Customers,Crossing the Chasm: Marketing and Selling High-Tech Products to Mainstream Customers,en-US,4.0,14329,15368,322,399,792,2897,5539,5741,https://images.gr-assets.com/books/1421709292m/61329.jpg,https://images.gr-assets.com/books/1421709292s/61329.jpg,1338,136,0.0
5784,1662160,1662160,1656975,35,375424474,9780375424470.0,Neil Shubin,2008.0,Your Inner Fish: A Journey into the 3.5-Billion-Year History of the Human Body,Your Inner Fish: A Journey into the 3.5-Billion-Year History of the Human Body,,3.97,14784,16284,1130,394,916,3200,6052,5722,https://images.gr-assets.com/books/1320439515m/1662160.jpg,https://images.gr-assets.com/books/1320439515s/1662160.jpg,2188,930,4.0
5786,324748,324748,315438,30,1591841666,9781591841660.0,Seth Godin,2007.0,The Dip: A Little Book That Teaches You When to Quit (and When to Stick),The Dip: A Little Book That Teaches You When to Quit (and When to Stick),,3.83,15009,15969,1127,410,1154,4052,5551,4802,https://images.gr-assets.com/books/1311282216m/324748.jpg,https://images.gr-assets.com/books/1311282216s/324748.jpg,1385,353,0.0
5796,36076,36076,35986,44,074329730X,9780743297300.0,Stephen M.R. Covey,2006.0,The SPEED of Trust: The One Thing that Changes Everything,The Speed of Trust: The One Thing that Changes Everything,en-US,3.97,13708,14707,461,315,865,3196,4930,5401,https://s.gr-assets.com/assets/nophoto/book/111x148-bcc042a9c91a29c1d680899eff700a03.png,https://s.gr-assets.com/assets/nophoto/book/50x75-a91bf249278a81aabab721ef782c4a74.png,726,145,0.0
5806,7785194,7785194,10722133,27,1439171211,9781439171220.0,Sam Harris,2010.0,The Moral Landscape: How Science Can Determine Human Values,The Moral Landscape: How Science Can Determine Human Values,en-US,3.9,14300,15256,859,574,923,3055,5551,5153,https://images.gr-assets.com/books/1331317058m/7785194.jpg,https://images.gr-assets.com/books/1331317058s/7785194.jpg,2046,660,304.0
5820,18528190,18528190,26233826,25,1608463869,9781608463860.0,Rebecca Solnit,2014.0,Men Explain Things to Me,Men Explain Things to Me,eng,3.93,17918,21217,2564,328,1066,4655,8937,6231,https://images.gr-assets.com/books/1393447237m/18528190.jpg,https://images.gr-assets.com/books/1393447237s/18528190.jpg,2670,2647,72.0
5831,262731,262731,254672,62,,9780553804720.0,"Allan Pease, Barbara Pease",2004.0,The Definitive Book of Body Language,The Definitive Book of Body Language,eng,3.97,13328,16424,805,311,822,3607,6058,5626,https://images.gr-assets.com/books/1320537802m/262731.jpg,https://images.gr-assets.com/books/1320537802s/262731.jpg,744,114,0.0
5833,72659,72659,3419289,67,316881791,9780316881790.0,Farley Mowat,1963.0,Never Cry Wolf : The Amazing True Story of Life Among Arctic Wolves,Never Cry Wolf,eng,4.19,17045,17863,803,233,478,2850,6418,7884,https://s.gr-assets.com/assets/nophoto/book/111x148-bcc042a9c91a29c1d680899eff700a03.png,https://s.gr-assets.com/assets/nophoto/book/50x75-a91bf249278a81aabab721ef782c4a74.png,651,617,240.0
5845,56157,56157,54726,27,60520620,9780060520620.0,Laura C. Schlessinger,2003.0,The Proper Care and Feeding of Husbands,The Proper Care and Feeding of Husbands,,3.71,13465,14384,1867,892,1233,3326,4700,4233,https://s.gr-assets.com/assets/nophoto/book/111x148-bcc042a9c91a29c1d680899eff700a03.png,https://s.gr-assets.com/assets/nophoto/book/50x75-a91bf249278a81aabab721ef782c4a74.png,532,334,15.0
5873,44644,44644,2170403,43,671792806,9780671792800.0,Stephen R. Covey,1991.0,Principle Centered Leadership,Principle-Centered Leadership,en-US,4.07,13079,13377,137,178,513,2699,4750,5237,https://s.gr-assets.com/assets/nophoto/book/111x148-bcc042a9c91a29c1d680899eff700a03.png,https://s.gr-assets.com/assets/nophoto/book/50x75-a91bf249278a81aabab721ef782c4a74.png,614,83,0.0
5937,2714607,2714607,2740153,55,1594201927,9781594201930.0,Niall Ferguson,2007.0,The Ascent of Money: A Financial History of the World,The Ascent of Money: A Financial History of the World,en-US,3.88,15286,16909,1115,293,923,4040,6934,4719,https://images.gr-assets.com/books/1297236908m/2714607.jpg,https://images.gr-assets.com/books/1297236908s/2714607.jpg,1972,664,0.0
5944,15801668,15801668,21525054,16,1451617526,9781451617530.0,Denise Kiernan,2013.0,,The Girls of Atomic City: The Untold Story of the Women Who Helped Win World War II,eng,3.66,15644,17672,2507,571,1423,5210,6690,3778,https://images.gr-assets.com/books/1352912866m/15801668.jpg,https://images.gr-assets.com/books/1352912866s/15801668.jpg,1746,1640,115.0
5955,22889767,22889767,40771666,37,385348614,9780385348610.0,Gretchen Rubin,2015.0,Better Than Before: Mastering the Habits of Our Everyday Lives,Better Than Before: Mastering the Habits of Our Everyday Lives,en-GB,3.81,16550,18727,2163,509,1324,4572,7048,5274,https://images.gr-assets.com/books/1415588203m/22889767.jpg,https://images.gr-assets.com/books/1415588203s/22889767.jpg,1294,784,29.0
5978,72657,72657,915602,59,826412769,9780826412770.0,"Paulo Freire, Myra Bergman Ramos, Donaldo Macedo, Richard Shaull",1968.0,Pedagogia do Oprimido,Pedagogy of the Oppressed,eng,4.25,16401,17491,939,266,630,2446,5324,8825,https://s.gr-assets.com/assets/nophoto/book/111x148-bcc042a9c91a29c1d680899eff700a03.png,https://s.gr-assets.com/assets/nophoto/book/50x75-a91bf249278a81aabab721ef782c4a74.png,771,424,11.0
5995,31312,31312,31603,41,006074104X,9780060741040.0,Harriet Lerner,1985.0,The Dance of Anger: A Woman's Guide to Changing the Patterns of Intimate Relationships,The Dance Of Anger: A Woman's Guide to Changing the Patterns of Intimate Relationships,en-US,4.02,14640,15280,481,261,729,3308,5173,5809,https://s.gr-assets.com/assets/nophoto/book/111x148-bcc042a9c91a29c1d680899eff700a03.png,https://s.gr-assets.com/assets/nophoto/book/50x75-a91bf249278a81aabab721ef782c4a74.png,779,304,4.0
5996,900892,900892,886073,49,393325350,9780393325360.0,Burton G. Malkiel,1973.0,,A Random Walk Down Wall Street,eng,4.05,12774,15068,537,186,612,2965,5793,5512,https://images.gr-assets.com/books/1442952924m/900892.jpg,https://images.gr-assets.com/books/1442952924s/900892.jpg,976,224,0.0
6011,5548,5548,54737,53,393320928,9780393320920.0,Richard Feynman,1988.0,What Do You Care What Other People Think? Further Adventures of a Curious Character,What Do You Care What Other People Think?,eng,4.28,14948,16457,638,124,301,2177,6130,7725,https://images.gr-assets.com/books/1297913068m/5548.jpg,https://images.gr-assets.com/books/1297913068s/5548.jpg,1259,497,701.0
6032,1963638,1963638,1966734,40,1572245379,9781572245370.0,Michael A. Singer,2007.0,The Untethered Soul,The Untethered Soul: The Journey Beyond Yourself,,4.27,14688,17543,1600,317,691,2199,5073,9263,https://images.gr-assets.com/books/1354898395m/1963638.jpg,https://images.gr-assets.com/books/1354898395s/1963638.jpg,768,344,475.0
6037,18736925,18736925,26224121,68,067443000X,9780674430010.0,"Thomas Piketty, Arthur Goldhammer",2013.0,Le capital au XXIe siècle ,Capital in the Twenty-First Century,eng,4.01,13045,15081,1363,474,734,2573,5653,5647,https://s.gr-assets.com/assets/nophoto/book/111x148-bcc042a9c91a29c1d680899eff700a03.png,https://s.gr-assets.com/assets/nophoto/book/50x75-a91bf249278a81aabab721ef782c4a74.png,2958,1085,0.0
6046,98685,98685,191828,21,679747044,9780679747050.0,James Gleick,1992.0,Genius: The Life and Science of Richard Feynman,Genius: The Life and Science of Richard Feynman,eng,4.16,14853,15508,329,302,512,2320,5692,6682,https://images.gr-assets.com/books/1320409497m/98685.jpg,https://images.gr-assets.com/books/1320409497s/98685.jpg,1012,389,632.0
6060,2118114,2118114,2123548,26,385524382,9780385524380.0,"Ori Brafman, Rom Brafman",2008.0,Sway: The Irresistible Pull of Irrational Behavior,Sway: The Irresistible Pull of Irrational Behavior,en-US,3.75,14464,15202,894,357,1171,4312,5473,3889,https://images.gr-assets.com/books/1320419177m/2118114.jpg,https://images.gr-assets.com/books/1320419177s/2118114.jpg,1395,589,0.0
6062,18774981,18774981,26680075,30,1451636016,9781451636020.0,Sam Harris,2014.0,Waking Up: A Guide to Spirituality Without Religion,Waking Up: A Guide to Spirituality Without Religion,eng,3.87,13778,15579,1113,594,980,3277,5691,5037,https://images.gr-assets.com/books/1415677308m/18774981.jpg,https://images.gr-assets.com/books/1415677308s/18774981.jpg,1126,547,575.0
6065,4005310,4005310,4051626,34,670020532,9780670020540.0,Jerry A. Coyne,2008.0,Why Evolution Is True,Why Evolution Is True,,4.15,14637,15439,699,338,647,2387,5030,7037,https://s.gr-assets.com/assets/nophoto/book/111x148-bcc042a9c91a29c1d680899eff700a03.png,https://s.gr-assets.com/assets/nophoto/book/50x75-a91bf249278a81aabab721ef782c4a74.png,1058,531,22.0
6071,15843166,15843166,21585451,26,762447699,9780762447700.0,Jen Sincero,2013.0,,You Are a Badass: How to Stop Doubting Your Greatness and Start Living an Awesome Life,,4.04,28346,30862,2647,1027,1747,5164,9883,13041,https://images.gr-assets.com/books/1351539051m/15843166.jpg,https://images.gr-assets.com/books/1351539051s/15843166.jpg,615,342,44.0
6095,18077875,18077875,25369241,29,804137382,9780804137390.0,Greg McKeown,2014.0,Essentialism: The Disciplined Pursuit of Less,Essentialism: The Disciplined Pursuit of Less,eng,3.99,16137,18644,1919,363,1089,3655,6740,6797,https://images.gr-assets.com/books/1403165375m/18077875.jpg,https://images.gr-assets.com/books/1403165375s/18077875.jpg,1819,780,0.0
6149,10865206,10865206,17553514,38,1583334386,9781583334390.0,Kelly McGonigal,2011.0,"The Willpower Instinct: How Self-Control Works, Why It Matters, and What You Can Do to Get More of It","The Willpower Instinct: How Self-Control Works, Why It Matters, and What You Can Do to Get More of It",eng,4.11,15318,16985,1135,351,622,2759,6388,6865,https://images.gr-assets.com/books/1436737104m/10865206.jpg,https://images.gr-assets.com/books/1436737104s/10865206.jpg,1656,351,0.0
6156,472025,472025,1043242,68,671203231,9780671203240.0,"Bertrand Russell, Paul  Edwards",1927.0,Why I Am Not a Christian and Other Essays on Religion and Related Subjects,Why I Am Not a Christian and Other Essays on Religion and Related Subjects,eng,4.03,13678,14962,506,349,700,2710,5627,5576,https://images.gr-assets.com/books/1347925703m/472025.jpg,https://images.gr-assets.com/books/1347925703s/472025.jpg,1469,507,651.0
6173,16619,16619,90454,256,140447601,9780140447610.0,"Alexis de Tocqueville, Isaac Kramnick, Gerald Bevan",1835.0,De la démocratie en Amérique,Democracy in America ,eng,3.99,15917,17726,590,242,919,3887,6411,6267,https://s.gr-assets.com/assets/nophoto/book/111x148-bcc042a9c91a29c1d680899eff700a03.png,https://s.gr-assets.com/assets/nophoto/book/50x75-a91bf249278a81aabab721ef782c4a74.png,1247,709,32.0
6202,1566053,1566053,1558637,18,306816083,9780306816090.0,"Christopher Hitchens, Titus Lucretius Carus, Omar Khayyám, Thomas Hobbes, Baruch Spinoza, David Hume, James Boswell, Percy Bysshe Shelley, George Eliot, Charles Darwin, Leslie Stephen, Anatole France, Mark Twain, Joseph Conrad, Thomas Hardy, Emma Goldman, H.P. Lovecraft, Carl Van Doren, H.L. Mencken, Sigmund Freud, Albert Einstein, George Orwell, John Betjeman, Chapman Cohen, Bertrand Russell, Philip Larkin, Martin Gardner, Carl Sagan, John Updike, John Leslie Mackie, Michael Shermer, A.J. Ayer, Daniel C. Dennett, Charles Templeton, Richard Dawkins, Victor J. Stenger, Elizabeth S.  Anderson, Penn Jillette, Ian McEwan, Steven Weinberg, Salman Rushdie, Ibn Warraq, Sam Harris, A.C. Grayling, Ayaan Hirsi Ali, John Stuart Mill, Karl Marx",2007.0,The Portable Atheist: Essential Readings for the Non-believer,The Portable Atheist: Essential Readings for the Nonbeliever,eng,4.02,14209,14798,433,435,630,2727,5368,5638,https://s.gr-assets.com/assets/nophoto/book/111x148-bcc042a9c91a29c1d680899eff700a03.png,https://s.gr-assets.com/assets/nophoto/book/50x75-a91bf249278a81aabab721ef782c4a74.png,1239,700,669.0
6204,10238,10238,1637223,63,1570625190,9781570625190.0,Fritjof Capra,1975.0,The Tao of Physics: An Exploration of the Parallels Between Modern Physics and Eastern Mysticism,The Tao of Physics: An Exploration of the Parallels between Modern Physics and Eastern Mysticism,eng,3.96,12576,13762,425,318,750,2973,4794,4927,https://images.gr-assets.com/books/1327908532m/10238.jpg,https://images.gr-assets.com/books/1327908532s/10238.jpg,1007,313,236.0
6219,33426,33426,629317,41,192861891,9780192861890.0,Michio Kaku,1994.0,"Hyperspace: A Scientific Odyssey Through Parallel Universes, Time Warps, and the Tenth Dimension",Hyperspace,eng,4.11,13941,15150,405,276,624,2622,5315,6313,https://images.gr-assets.com/books/1404794967m/33426.jpg,https://images.gr-assets.com/books/1404794967s/33426.jpg,1585,552,0.0
6220,835623,835623,2085667,51,393318486,9780393318490.0,Steven Pinker,1997.0,How the Mind Works,How the Mind Works,eng,3.97,13516,14467,426,391,770,2892,5283,5131,https://s.gr-assets.com/assets/nophoto/book/111x148-bcc042a9c91a29c1d680899eff700a03.png,https://s.gr-assets.com/assets/nophoto/book/50x75-a91bf249278a81aabab721ef782c4a74.png,2527,787,0.0
6225,584637,584637,1086777,251,087220605X,9780872206050.0,"John Stuart Mill, George Sher",1861.0,Utilitarianism,Utilitarianism,eng,3.65,14699,15684,229,422,1440,4963,5307,3552,https://images.gr-assets.com/books/1405624617m/584637.jpg,https://images.gr-assets.com/books/1405624617s/584637.jpg,1446,254,16.0
6257,53343,53343,1139032,47,60891548,9780060891540.0,William Zinsser,1976.0,On Writing Well: The Classic Guide to Writing Nonfiction,On Writing Well: The Classic Guide to Writing Nonfiction,eng,4.23,14564,16300,1174,89,390,2492,5962,7367,https://s.gr-assets.com/assets/nophoto/book/111x148-bcc042a9c91a29c1d680899eff700a03.png,https://s.gr-assets.com/assets/nophoto/book/50x75-a91bf249278a81aabab721ef782c4a74.png,627,454,0.0
6272,92307,92307,1309352,81,60638508,9780060638500.0,Martin Heidegger,1927.0,Sein und Zeit,Being and Time,eng,3.99,14383,15501,437,547,919,2995,4666,6374,https://s.gr-assets.com/assets/nophoto/book/111x148-bcc042a9c91a29c1d680899eff700a03.png,https://s.gr-assets.com/assets/nophoto/book/50x75-a91bf249278a81aabab721ef782c4a74.png,2175,335,22.0
6274,25078,25078,25833,18,60974990,9780060974990.0,Jonathan Kozol,1991.0,Savage Inequalities: Children in America's Schools,Savage Inequalities: Children in America's Schools,en-US,4.23,13743,13999,635,109,326,2000,5310,6254,https://s.gr-assets.com/assets/nophoto/book/111x148-bcc042a9c91a29c1d680899eff700a03.png,https://s.gr-assets.com/assets/nophoto/book/50x75-a91bf249278a81aabab721ef782c4a74.png,558,510,14.0
6285,74812,74812,1461054,45,1416535071,9781416535070.0,Daniel Tammet,2006.0,Born on a Blue Day: Inside the Extraordinary Mind of an Autistic Savant,Born on a Blue Day: Inside the Extraordinary Mind of an Autistic Savant,en-US,3.84,14287,16092,1845,186,946,4355,6421,4184,https://s.gr-assets.com/assets/nophoto/book/111x148-bcc042a9c91a29c1d680899eff700a03.png,https://s.gr-assets.com/assets/nophoto/book/50x75-a91bf249278a81aabab721ef782c4a74.png,1017,797,802.0
6317,110890,110890,2567720,40,037541486X,9780375414860.0,Lawrence Wright,2006.0,The Looming Tower: Al-Qaeda and the Road to 9/11,The Looming Tower: Al-Qaeda and the Road to 9/11,en-US,4.38,12737,15017,1689,60,198,1486,5496,7777,https://images.gr-assets.com/books/1320471617m/110890.jpg,https://images.gr-assets.com/books/1320471617s/110890.jpg,627,615,150.0
6327,280410,280410,3064865,15,385516401,9780385516400.0,Jeffrey Toobin,2007.0,The Nine: Inside the Secret World of the Supreme Court,The Nine: Inside the Secret World of the Supreme Court,en-US,4.06,12426,13660,1998,98,350,2352,6628,4232,https://s.gr-assets.com/assets/nophoto/book/111x148-bcc042a9c91a29c1d680899eff700a03.png,https://s.gr-assets.com/assets/nophoto/book/50x75-a91bf249278a81aabab721ef782c4a74.png,911,895,40.0
6348,34760,34760,2399046,42,034546639X,9780345466400.0,Robert Fulghum,1986.0,All I Really Need To Know I Learned in Kindergarten,All I Really Need to Know I Learned in Kindergarten,eng,4.03,15816,17227,708,229,843,3655,5992,6508,https://images.gr-assets.com/books/1403541609m/34760.jpg,https://images.gr-assets.com/books/1403541609s/34760.jpg,793,580,275.0
6363,7841446,7841446,10934698,1,1416596585,9781416596580.0,Steven Levy,2011.0,"In the Plex: How Google Thinks, Works, and Shapes Our Lives","In the Plex: How Google Thinks, Works, and Shapes Our Lives",en-US,3.83,18464,19475,806,869,1182,4142,7383,5899,https://s.gr-assets.com/assets/nophoto/book/111x148-bcc042a9c91a29c1d680899eff700a03.png,https://s.gr-assets.com/assets/nophoto/book/50x75-a91bf249278a81aabab721ef782c4a74.png,1331,476,46.0
6384,96884,96884,3587,32,465028020,9780465028020.0,Jonathan Haidt,2005.0,The Happiness Hypothesis: Finding Modern Truth in Ancient Wisdom,The Happiness Hypothesis: Finding Modern Truth in Ancient Wisdom,eng,4.12,13282,14395,920,247,597,2434,5053,6064,https://s.gr-assets.com/assets/nophoto/book/111x148-bcc042a9c91a29c1d680899eff700a03.png,https://s.gr-assets.com/assets/nophoto/book/50x75-a91bf249278a81aabab721ef782c4a74.png,1839,584,77.0
6390,89369,89369,41333541,22,1405204273,9781405204280.0,Benjamin Hoff,1992.0,,The Te of Piglet,eng,3.81,13325,15039,547,349,1261,3907,4881,4641,https://s.gr-assets.com/assets/nophoto/book/111x148-bcc042a9c91a29c1d680899eff700a03.png,https://s.gr-assets.com/assets/nophoto/book/50x75-a91bf249278a81aabab721ef782c4a74.png,645,296,316.0
6398,905092,905092,890240,29,740718584,9780740718590.0,Thomas J. Stanley,2006.0,,The Millionaire Mind,,4.15,14795,15224,242,188,586,2751,4866,6833,https://s.gr-assets.com/assets/nophoto/book/111x148-bcc042a9c91a29c1d680899eff700a03.png,https://s.gr-assets.com/assets/nophoto/book/50x75-a91bf249278a81aabab721ef782c4a74.png,534,70,0.0
6401,7640261,7640261,10168576,35,61707803,9780061707800.0,"Christopher  Ryan, Cacilda Jethá",2010.0,Sex at Dawn: The Prehistoric Origins of Modern Sexuality,Sex at Dawn: The Prehistoric Origins of Modern Sexuality,en-US,4.02,12521,15185,1641,399,796,2718,5414,5858,https://images.gr-assets.com/books/1291105594m/7640261.jpg,https://images.gr-assets.com/books/1291105594s/7640261.jpg,1914,1240,0.0
6435,16884,16884,105195,18,684813785,9780684813780.0,Richard Rhodes,1986.0,The Making of the Atomic Bomb,The Making of the Atomic Bomb,eng,4.32,12201,13304,667,155,390,1672,3900,7187,https://s.gr-assets.com/assets/nophoto/book/111x148-bcc042a9c91a29c1d680899eff700a03.png,https://s.gr-assets.com/assets/nophoto/book/50x75-a91bf249278a81aabab721ef782c4a74.png,1280,681,20.0
6441,181206,181206,175093,46,385491743,9780385491750.0,Richard Koch,1950.0,The 80/20 Principle: The Secret to Success by Achieving More with Less,The 80/20 Principle: The Secret to Achieving More with Less,,3.99,13241,13524,273,243,633,2906,4915,4827,https://s.gr-assets.com/assets/nophoto/book/111x148-bcc042a9c91a29c1d680899eff700a03.png,https://s.gr-assets.com/assets/nophoto/book/50x75-a91bf249278a81aabab721ef782c4a74.png,811,165,0.0
6463,98233,98233,94691,19,1590597141,9781590597150.0,Jessica Livingston,2001.0,Founders at Work: Stories of Startups' Early Days,Founders at Work: Stories of Startups' Early Days,en-US,3.94,15049,15682,212,520,1030,3290,4910,5932,https://s.gr-assets.com/assets/nophoto/book/111x148-bcc042a9c91a29c1d680899eff700a03.png,https://s.gr-assets.com/assets/nophoto/book/50x75-a91bf249278a81aabab721ef782c4a74.png,651,119,17.0
6485,2272880,2272880,2278900,42,375424040,9780375424040.0,Leonard Mlodinow,2008.0,The Drunkard's Walk: How Randomness Rules Our Lives,The Drunkard's Walk: How Randomness Rules Our Lives,eng,3.88,12818,14979,1250,214,821,3668,6113,4163,https://images.gr-assets.com/books/1320392907m/2272880.jpg,https://images.gr-assets.com/books/1320392907s/2272880.jpg,1848,967,0.0
6487,3368,18197267,561281,44,321344758,9780321344760.0,Steve Krug,2000.0,Don't Make Me Think! A common sense approach to web usability,Don't Make Me Think: A Common Sense Approach to Web Usability,en-US,4.24,7296,14751,1139,64,315,2083,5892,6397,https://s.gr-assets.com/assets/nophoto/book/111x148-bcc042a9c91a29c1d680899eff700a03.png,https://s.gr-assets.com/assets/nophoto/book/50x75-a91bf249278a81aabab721ef782c4a74.png,1958,383,0.0
6491,29340182,29340182,46238704,18,316348406,9780316348410.0,Lindy West,2016.0,"Shrill: Women Are Funny, It's Okay to Be Fat, and Feminists Don't Have to Be Nice",Shrill: Notes from a Loud Woman,eng,4.23,15258,17946,2780,169,480,2297,7051,7949,https://images.gr-assets.com/books/1460015959m/29340182.jpg,https://images.gr-assets.com/books/1460015959s/29340182.jpg,1615,1615,1453.0
6548,11104933,11104933,16027103,36,1594203075,9781594203080.0,"Roy F. Baumeister, John Tierney",2011.0,Willpower: Rediscovering the Greatest Human Strength,Willpower: Rediscovering the Greatest Human Strength,,3.95,12667,13820,836,281,692,3021,5211,4615,https://s.gr-assets.com/assets/nophoto/book/111x148-bcc042a9c91a29c1d680899eff700a03.png,https://s.gr-assets.com/assets/nophoto/book/50x75-a91bf249278a81aabab721ef782c4a74.png,1520,534,5.0
6564,7519640,7519640,9737203,38,446556246,9780446556250.0,Sebastian Junger,2010.0,WAR,War,eng,4.22,13946,15686,1454,105,388,2263,6187,6743,https://images.gr-assets.com/books/1344271278m/7519640.jpg,https://images.gr-assets.com/books/1344271278s/7519640.jpg,820,778,70.0
6567,131304,131304,1608124,41,7162219,9780007162220.0,Simon Singh,2004.0,Big Bang: The Origin of the Universe,Big Bang: The Origin of the Universe,,4.14,12488,13015,282,230,541,2237,4203,5804,https://s.gr-assets.com/assets/nophoto/book/111x148-bcc042a9c91a29c1d680899eff700a03.png,https://s.gr-assets.com/assets/nophoto/book/50x75-a91bf249278a81aabab721ef782c4a74.png,1057,367,0.0
6573,35210,35210,35147,32,007141858X,9780071418580.0,Leil Lowndes,1999.0,How to Talk to Anyone: 92 Little Tricks for Big Success in Relationships,How to Talk to Anyone: 92 Little Tricks for Big Success in Relationships,en-US,3.8,12206,13156,490,439,1057,3446,4027,4187,https://s.gr-assets.com/assets/nophoto/book/111x148-bcc042a9c91a29c1d680899eff700a03.png,https://s.gr-assets.com/assets/nophoto/book/50x75-a91bf249278a81aabab721ef782c4a74.png,784,227,0.0
6583,27220736,27220736,4077583,39,1501135910,9781501135910.0,Phil Knight,2016.0,Shoe Dog: A Memoir by the Creator of Nike,Shoe Dog: A Memoir by the Creator of NIKE,eng,4.46,22373,28643,2407,405,487,2235,7997,17519,https://images.gr-assets.com/books/1457284880m/27220736.jpg,https://images.gr-assets.com/books/1457284880s/27220736.jpg,970,373,658.0
6599,17333302,17333302,24064606,56,031623480X,9780316234800.0,"David  Perlmutter, Kristin Loberg",2013.0,"Grain Brain: The Surprising Truth about Wheat, Carbs, and Sugar--Your Brain's Silent Killers","Grain Brain: The Surprising Truth about Wheat, Carbs,  and Sugar--Your Brain's Silent Killers",eng,3.88,10305,13051,1123,486,783,2899,4534,4349,https://images.gr-assets.com/books/1395680212m/17333302.jpg,https://images.gr-assets.com/books/1395680212s/17333302.jpg,547,420,192.0
6603,12158480,12158480,17129429,57,307719219,9780307719220.0,"Daron Acemoğlu, James A. Robinson",2012.0,"Why Nations Fail: The Origins of Power, Prosperity, and Poverty ","Why Nations Fail: The Origins of Power, Prosperity, and Poverty",,3.99,11752,14395,1440,205,729,2889,5701,4871,https://s.gr-assets.com/assets/nophoto/book/111x148-bcc042a9c91a29c1d680899eff700a03.png,https://s.gr-assets.com/assets/nophoto/book/50x75-a91bf249278a81aabab721ef782c4a74.png,1147,529,0.0
6605,49322,49322,898491,25,761123695,9780761123700.0,Marti Olsen Laney,2002.0,The Introvert Advantage: How to Thrive in an Extrovert World,The Introvert Advantage: How to Thrive in an Extrovert World,eng,3.88,12950,13581,756,344,934,3216,4602,4485,https://images.gr-assets.com/books/1348042078m/49322.jpg,https://images.gr-assets.com/books/1348042078s/49322.jpg,974,287,10.0
6609,8727466,8727466,13600443,29,307272702,9780307272710.0,Gary Taubes,2010.0,Why We Get Fat: And What to Do about It,Why We Get Fat: And What to Do About It,en-GB,4.04,11569,14398,1621,313,707,2601,5235,5542,https://images.gr-assets.com/books/1320563681m/8727466.jpg,https://images.gr-assets.com/books/1320563681s/8727466.jpg,927,685,229.0
6612,29036,29036,29511,15,143036491,9780143036490.0,John M. Barry,2004.0,The Great Influenza: The Epic Story of the Deadliest Plague in History,The Great Influenza: The Story of the Deadliest Pandemic in History,eng,3.95,14762,15443,1294,251,801,3419,5935,5037,https://s.gr-assets.com/assets/nophoto/book/111x148-bcc042a9c91a29c1d680899eff700a03.png,https://s.gr-assets.com/assets/nophoto/book/50x75-a91bf249278a81aabab721ef782c4a74.png,994,611,8.0
6617,95747,95747,105847,51,807012394,9780807012390.0,Thich Nhat Hanh,1975.0,The Miracle of Mindfulness: A Manual on Meditation,The Miracle of Mindfulness: An Introduction to the Practice of Meditation,,4.26,13241,15001,688,150,358,2009,5360,7124,https://images.gr-assets.com/books/1320448079m/95747.jpg,https://images.gr-assets.com/books/1320448079s/95747.jpg,845,420,831.0
6620,5755,5755,2422982,47,60958332,9780060958340.0,Steven Pinker,1994.0,The Language Instinct: How the Mind Creates Language,The Language Instinct: How the Mind Creates Language,eng,4.05,12870,14314,723,234,606,2641,5629,5204,https://s.gr-assets.com/assets/nophoto/book/111x148-bcc042a9c91a29c1d680899eff700a03.png,https://s.gr-assets.com/assets/nophoto/book/50x75-a91bf249278a81aabab721ef782c4a74.png,2789,1296,0.0
6639,11324722,11324722,16252969,24,307377903,9780307377910.0,Jonathan Haidt,2012.0,The Righteous Mind: Why Good People Are Divided by Politics and Religion,The Righteous Mind: Why Good People are Divided by Politics and Religion,eng,4.16,12677,14886,1860,280,585,2212,5256,6553,https://images.gr-assets.com/books/1351393217m/11324722.jpg,https://images.gr-assets.com/books/1351393217s/11324722.jpg,1678,762,201.0
6670,760941,760941,1264345,19,515103292,9780515103300.0,"Truddi Chase, Robert A. Phillips Jr.",1980.0,When Rabbit Howls,When Rabbit Howls,en-GB,4.03,13975,14372,499,253,655,3077,4825,5562,https://s.gr-assets.com/assets/nophoto/book/111x148-bcc042a9c91a29c1d680899eff700a03.png,https://s.gr-assets.com/assets/nophoto/book/50x75-a91bf249278a81aabab721ef782c4a74.png,558,368,305.0
6677,10256723,10256723,15156997,27,316037702,9780316037710.0,"Kevin D. Mitnick, William L. Simon, Steve Wozniak",2011.0,Ghost in the Wires: My Adventures as the World's Most Wanted Hacker,Ghost in the Wires: My Adventures as the World's Most Wanted Hacker,en-US,3.95,12831,14993,1287,393,770,3019,5860,4951,https://images.gr-assets.com/books/1344265017m/10256723.jpg,https://images.gr-assets.com/books/1344265017s/10256723.jpg,956,648,538.0
6714,20897517,20897517,28027377,18,385535376,9780385535370.0,Hampton Sides,2014.0,In the Kingdom of Ice: The Grand and Terrible Polar Voyage of the USS Jeannette,In the Kingdom of Ice: The Grand and Terrible Polar Voyage of the USS Jeannette,eng,4.18,11444,13550,1809,280,424,1771,5139,5936,https://images.gr-assets.com/books/1395935993m/20897517.jpg,https://images.gr-assets.com/books/1395935993s/20897517.jpg,995,990,97.0
6750,6386555,6386555,6574787,7,1416544208,9781416544200.0,Chuck Klosterman,2009.0,Eating the Dinosaur,Eating the Dinosaur,eng,3.75,12571,13386,891,187,824,3817,5823,2735,https://images.gr-assets.com/books/1327949106m/6386555.jpg,https://images.gr-assets.com/books/1327949106s/6386555.jpg,637,568,165.0
6751,285500,285500,1694397,57,553214829,9780553214830.0,Founding Fathers,1776.0,The Declaration of Independence and The Constitution of the United States ,The Declaration of Independence and The Constitution of the United States,,4.44,14047,17123,256,208,533,1846,3392,11144,https://images.gr-assets.com/books/1320508156m/285500.jpg,https://images.gr-assets.com/books/1320508156s/285500.jpg,528,417,9.0
6781,33418,33418,33496,38,1400033721,9781400033720.0,Michio Kaku,2004.0,"Parallel Worlds: A Journey Through Creation, Higher Dimensions, and the Future of the Cosmos","Parallel Worlds: A Journey Through Creation, Higher Dimensions, and the Future of the Cosmos",eng,4.17,12620,13385,441,159,427,2128,4998,5673,https://images.gr-assets.com/books/1435244003m/33418.jpg,https://images.gr-assets.com/books/1435244003s/33418.jpg,1599,566,14.0
6804,12143200,12143200,17113518,13,307970388,9780307970380.0,Rachel Maddow,2012.0,Drift: The Unmooring of American Military Power,Drift: The Unmooring of American Military Power,eng,4.07,12980,14938,1870,360,605,2349,6001,5623,https://images.gr-assets.com/books/1318753897m/12143200.jpg,https://images.gr-assets.com/books/1318753897s/12143200.jpg,1156,1099,0.0
6820,1875,1875,5991,67,679724699,9780679724700.0,"Michel Foucault, Robert Hurley",1976.0,Histoire de la sexualité 1. La Volonté de savoir,"The History of Sexuality, Volume 1: An Introduction",eng,4.03,12565,13935,548,201,630,2708,5339,5057,https://images.gr-assets.com/books/1486236798m/1875.jpg,https://images.gr-assets.com/books/1486236798s/1875.jpg,832,609,0.0
6857,32276,32276,1358127,54,345346297,9780345346290.0,Carl Sagan,1977.0,The Dragons of Eden: Speculations on the Evolution of Human Intelligence,Dragons of Eden: Speculations on the Evolution of Human Intelligence,eng,4.16,13310,14230,478,198,495,2305,5101,6131,https://s.gr-assets.com/assets/nophoto/book/111x148-bcc042a9c91a29c1d680899eff700a03.png,https://s.gr-assets.com/assets/nophoto/book/50x75-a91bf249278a81aabab721ef782c4a74.png,1894,671,5.0
6868,28257707,28257707,48297245,24,006245773X,9780062457740.0,Mark Manson,2016.0,The Subtle Art of Not Giving a F*ck: A Counterintuitive Approach to Living a Good Life,The Subtle Art of Not Giving a F*ck: A Counterintuitive Approach to Living a Good Life,eng,4.03,41087,48659,3569,1484,2534,8529,16518,19594,https://images.gr-assets.com/books/1465761302m/28257707.jpg,https://images.gr-assets.com/books/1465761302s/28257707.jpg,2162,1101,58.0
6880,448836,448836,86945,181,915144867,9780915144860.0,"John Locke, C.B. Macpherson",1689.0,Second Treatise of Government,Second Treatise of Government,eng,3.75,14549,15287,215,479,1181,4276,5093,4258,https://images.gr-assets.com/books/1405624453m/448836.jpg,https://images.gr-assets.com/books/1405624453s/448836.jpg,1029,259,8.0
6882,6966823,9778945,7205526,57,393072223,9780393072230.0,Nicholas Carr,2010.0,The Shallows: What the Internet is Doing to Our Brains,The Shallows: What the Internet is Doing to Our Brains,eng,3.85,6938,15090,2107,308,933,3625,6106,4118,https://images.gr-assets.com/books/1368393880m/6966823.jpg,https://images.gr-assets.com/books/1368393880s/6966823.jpg,1629,639,0.0
6896,30292,30292,30661,25,872206335,9780872206340.0,"Plato, G.M.A. Grube, John M. Cooper",-385.0,"Euthyphro, Apology, Crito, Meno, Phaedo","Five Dialogues: Euthyphro, Apology, Crito, Meno, Phaedo",eng,4.1,13301,13633,187,160,535,2692,4632,5614,https://images.gr-assets.com/books/1399079227m/30292.jpg,https://images.gr-assets.com/books/1399079227s/30292.jpg,1009,166,24.0
6905,25422234,25422234,44611586,10,62415832,9780062415840.0,"Irin Carmon, Shana Knizhnik",2015.0,,Notorious RBG: The Life and Times of Ruth Bader Ginsburg,eng,4.22,15626,17642,2701,202,370,2324,7132,7614,https://s.gr-assets.com/assets/nophoto/book/111x148-bcc042a9c91a29c1d680899eff700a03.png,https://s.gr-assets.com/assets/nophoto/book/50x75-a91bf249278a81aabab721ef782c4a74.png,1519,1519,968.0
6928,299215,299215,217623,102,226320618,9780226320620.0,Friedrich A. Hayek,1944.0,The Road to Serfdom,The Road to Serfdom,en-US,4.18,11306,13889,820,299,546,2016,4540,6488,https://images.gr-assets.com/books/1327787673m/299215.jpg,https://images.gr-assets.com/books/1327787673s/299215.jpg,1822,516,0.0
6937,840,840,18518,38,465067107,9780465067110.0,Donald A. Norman,1988.0,The Psychology of Everyday Things,The Design of Everyday Things,en-US,4.18,11838,15202,1192,88,483,2327,6020,6284,https://s.gr-assets.com/assets/nophoto/book/111x148-bcc042a9c91a29c1d680899eff700a03.png,https://s.gr-assets.com/assets/nophoto/book/50x75-a91bf249278a81aabab721ef782c4a74.png,1964,501,0.0
6966,17994,17994,1031975,64,385495323,9780385495320.0,Simon Singh,1999.0,"The Code Book. How to Make It, Break It, Hack It, Crack It",The Code Book: The Science of Secrecy from Ancient Egypt to Quantum Cryptography,eng,4.28,12919,15365,912,85,290,1889,6053,7048,https://images.gr-assets.com/books/1403181687m/17994.jpg,https://images.gr-assets.com/books/1403181687s/17994.jpg,2103,1294,0.0
6996,64895,64895,62987,43,99268701,9780099268700.0,Mark Kurlansky,1988.0,Cod: A Biography of the Fish that Changed the World,Cod: A Biography of the Fish that Changed the World,eng,3.92,13137,14378,1104,197,627,3465,5958,4131,https://images.gr-assets.com/books/1356452461m/64895.jpg,https://images.gr-assets.com/books/1356452461s/64895.jpg,1001,854,372.0
6997,8167094,8167094,13013056,38,307265633,9780307265630.0,Brian Greene,2011.0,The Hidden Reality: Parallel Universes and the Search for the Deep Laws of the Cosmos,The Hidden Reality: Parallel Universes and the Deep Laws of the Cosmos,eng,4.05,12080,13031,581,263,515,2415,4987,4851,https://images.gr-assets.com/books/1320431300m/8167094.jpg,https://images.gr-assets.com/books/1320431300s/8167094.jpg,878,654,0.0
6998,38723,17573685,809732,68,393322572,9780393322580.0,"Betty Friedan, Anna Quindlen",1963.0,The Feminine Mystique,The Feminine Mystique,eng,3.85,9823,16455,1137,283,1001,4182,6432,4557,https://images.gr-assets.com/books/1479777578m/38723.jpg,https://images.gr-assets.com/books/1479777578s/38723.jpg,1090,911,0.0
7009,13523061,13523061,19083750,24,446575062,9780446575060.0,Meg Jay,2012.0,The Defining Decade: Why Your Twenties Matter--And How to Make the Most of Them Now,The Defining Decade: Why Your Twenties Matter--And How to Make the Most of Them Now,,4.11,12731,15517,1514,168,640,2691,5808,6210,https://images.gr-assets.com/books/1334798998m/13523061.jpg,https://images.gr-assets.com/books/1334798998s/13523061.jpg,1128,658,0.0
7028,13425570,13425570,18907551,32,62102427,9780062102420.0,"Clayton M. Christensen, James Allworth, Karen Dillon",2012.0,How Will You Measure Your Life?,How Will You Measure Your Life?,,4.06,11475,13762,1349,228,646,2650,4799,5439,https://s.gr-assets.com/assets/nophoto/book/111x148-bcc042a9c91a29c1d680899eff700a03.png,https://s.gr-assets.com/assets/nophoto/book/50x75-a91bf249278a81aabab721ef782c4a74.png,1090,276,45.0
7049,25733983,25733983,45572105,27,1101874937,9781101874940.0,Hope Jahren,2016.0,Lab Girl,Lab Girl,eng,4.04,16594,19798,3321,425,900,3506,7585,7382,https://images.gr-assets.com/books/1441826687m/25733983.jpg,https://images.gr-assets.com/books/1441826687s/25733983.jpg,2101,1509,1176.0
7086,99955,99955,23681298,16,451528891,9780451528900.0,"Thomas Paine, Sidney Hook, Jack Fruchtman Jr.",1776.0,,"Common Sense, The Rights of Man and Other Essential Writings",eng,4.12,13088,13165,122,103,465,2593,4529,5475,https://images.gr-assets.com/books/1309203355m/99955.jpg,https://images.gr-assets.com/books/1309203355s/99955.jpg,565,243,6.0
7111,4485966,4485966,4642546,33,1591842247,9781591842250.0,Geoff Colvin,2008.0,Talent Is Overrated: What Really Separates World-Class Performers from Everybody Else,Talent is Overrated: What Really Separates World-Class Performers from Everybody Else,en-US,3.96,12511,13454,816,201,656,3024,5118,4455,https://s.gr-assets.com/assets/nophoto/book/111x148-bcc042a9c91a29c1d680899eff700a03.png,https://s.gr-assets.com/assets/nophoto/book/50x75-a91bf249278a81aabab721ef782c4a74.png,1214,440,17.0
7142,513367,513367,96418,34,553341030,9780553342540.0,John Gribbin,1984.0,In Search of Schrödinger's Cat : Quantum Physics And Reality,In Search of Schrödinger's Cat: Quantum Physics and Reality,eng,4.0,12399,13369,335,173,559,2914,5159,4564,https://images.gr-assets.com/books/1440464162m/513367.jpg,https://images.gr-assets.com/books/1440464162s/513367.jpg,1196,370,0.0
7146,164323,164323,2888612,48,553383663,9780553383670.0,David A. Vise,2006.0,"The Google Story: Inside the Hottest Business, Media, and Technology Success of Our Time","The Google Story: Inside the Hottest Business, Media, and Technology Success of Our Time",,3.81,11158,11814,471,239,705,3257,4429,3184,https://images.gr-assets.com/books/1320394284m/164323.jpg,https://images.gr-assets.com/books/1320394284s/164323.jpg,604,213,42.0
7151,123632,123632,1715933,55,440351839,9780440351830.0,"C.G. Jung, Joseph L. Henderson, Aniela Jaffé, Jolande Jacobi, John Freeman, Marie-Louise von Franz",1964.0,Man and His Symbols,Man and His Symbols,eng,4.18,12463,13625,426,146,453,2237,4787,6002,https://images.gr-assets.com/books/1327336291m/123632.jpg,https://images.gr-assets.com/books/1327336291s/123632.jpg,1703,420,86.0
7187,8696,8696,525730,42,345371984,9780345371980.0,"Douglas Adams, Mark Carwardine",1990.0,Last Chance to See,Last Chance to See,,4.33,13860,15440,845,95,339,2031,4916,8059,https://images.gr-assets.com/books/1327867839m/8696.jpg,https://images.gr-assets.com/books/1327867839s/8696.jpg,1449,1123,522.0
7198,51985,51985,2376452,78,300115466,9780300115470.0,"Jean-Paul Sartre, Arlette Elkaïm-Sartre, Annie Cohen-Solal, Carol Macomber",1946.0,L'Existentialisme est un humanisme ,Existentialism Is a Humanism,en-GB,3.96,12493,15055,569,228,704,3403,5788,4932,https://images.gr-assets.com/books/1328870158m/51985.jpg,https://images.gr-assets.com/books/1328870158s/51985.jpg,1662,354,20.0
7200,7696135,7696135,10377870,15,159184312X,9781591843120.0,Scott Belsky,2010.0,,Making Ideas Happen: Overcoming the Obstacles Between Vision and Reality,,3.94,13229,13681,320,333,823,3220,4277,5028,https://s.gr-assets.com/assets/nophoto/book/111x148-bcc042a9c91a29c1d680899eff700a03.png,https://s.gr-assets.com/assets/nophoto/book/50x75-a91bf249278a81aabab721ef782c4a74.png,734,159,0.0
7231,123845,123845,1472936,36,486277909,9780486277900.0,Ralph Waldo Emerson,1844.0,Self-Reliance and Other Essays,Self-Reliance and Other Essays,en-US,4.14,14484,14717,282,154,542,2653,5092,6276,https://images.gr-assets.com/books/1319099192m/123845.jpg,https://images.gr-assets.com/books/1319099192s/123845.jpg,749,312,48.0
7275,13547504,13547504,19112644,30,743236718,9780743236710.0,Andrew Solomon,2012.0,"Far from the Tree: Parents, Children, and the Search for Identity","Far from the Tree: Parents, Children, and the Search for Identity",eng,4.26,11879,13240,1875,251,445,1677,4053,6814,https://images.gr-assets.com/books/1363008433m/13547504.jpg,https://images.gr-assets.com/books/1363008433s/13547504.jpg,1688,1285,258.0
7279,13330771,13330771,18538423,47,307957241,9780307957240.0,Oliver Sacks,1995.0,Hallucinations,Hallucinations,eng,3.85,11443,12886,1101,230,755,3348,4938,3615,https://images.gr-assets.com/books/1440360108m/13330771.jpg,https://images.gr-assets.com/books/1440360108s/13330771.jpg,2217,1075,28.0
7292,81176,81176,979931,57,446693790,9780446693790.0,Michael Moore,2003.0,"Dude, Where's My Country?","Dude, Where's My Country?",en-US,3.4,12468,13810,356,766,1678,4945,4172,2249,https://s.gr-assets.com/assets/nophoto/book/111x148-bcc042a9c91a29c1d680899eff700a03.png,https://s.gr-assets.com/assets/nophoto/book/50x75-a91bf249278a81aabab721ef782c4a74.png,582,557,184.0
7337,13589182,13589182,19176675,23,670024961,9780670024960.0,Robert Greene,2012.0,Mastery,Mastery,,4.27,12717,14215,946,191,494,1855,4441,7234,https://s.gr-assets.com/assets/nophoto/book/111x148-bcc042a9c91a29c1d680899eff700a03.png,https://s.gr-assets.com/assets/nophoto/book/50x75-a91bf249278a81aabab721ef782c4a74.png,1478,475,24.0
7341,26123,26123,26823,36,1400078393,9781400078390.0,Martin E.P. Seligman,1990.0,Learned Optimism: How to Change Your Mind and Your Life,Learned Optimism: How to Change Your Mind and Your Life,en-GB,3.98,11310,12096,540,243,630,2612,4291,4320,https://s.gr-assets.com/assets/nophoto/book/111x148-bcc042a9c91a29c1d680899eff700a03.png,https://s.gr-assets.com/assets/nophoto/book/50x75-a91bf249278a81aabab721ef782c4a74.png,795,370,5.0
7372,40580,40580,1084282,14,141019999,9780141019990.0,Michael Moore,2001.0,Stupid white men and other sorry excuses for the state of the nation,Stupid White Men,en-GB,3.3,10835,13776,570,573,1845,5736,4086,1536,https://s.gr-assets.com/assets/nophoto/book/111x148-bcc042a9c91a29c1d680899eff700a03.png,https://s.gr-assets.com/assets/nophoto/book/50x75-a91bf249278a81aabab721ef782c4a74.png,894,884,224.0
7398,15852,15852,2638443,266,143039822,9780143039820.0,"Albert Einstein, Nigel Calder, Robert W. Lawson",1916.0,Über die spezielle und die allgemeine Relativitätstheorie,Relativity: The Special and the General Theory,eng,4.17,11069,12957,446,174,515,2201,4134,5933,https://images.gr-assets.com/books/1420607613m/15852.jpg,https://images.gr-assets.com/books/1420607613s/15852.jpg,1103,479,0.0
7402,9484114,9484114,14369512,18,307591565,9780307591560.0,Shawn Achor,2010.0,The Happiness Advantage: The Seven Principles of Positive Psychology That Fuel Success and Performance at Work,The Happiness Advantage: The Seven Principles of Positive Psychology That Fuel Success and Performance at Work,,4.15,11131,13532,1103,195,466,2204,4974,5693,https://images.gr-assets.com/books/1381289860m/9484114.jpg,https://images.gr-assets.com/books/1381289860s/9484114.jpg,1159,161,0.0
7429,16900,16900,522004,57,1420925229,9781420925230.0,Henry David Thoreau,1995.0,Civil Disobedience and Reading,Civil Disobedience and Other Essays,eng,4.06,12557,13706,227,141,609,2752,5009,5195,https://s.gr-assets.com/assets/nophoto/book/111x148-bcc042a9c91a29c1d680899eff700a03.png,https://s.gr-assets.com/assets/nophoto/book/50x75-a91bf249278a81aabab721ef782c4a74.png,684,343,7.0
7480,11107244,11107244,16029496,40,670022950,9780670022950.0,Steven Pinker,2010.0,The Better Angels of Our Nature. Why Violence has Declined,The Better Angels of Our Nature: Why Violence Has Declined,eng,4.19,11437,12958,1288,302,514,1774,4134,6234,https://images.gr-assets.com/books/1311281857m/11107244.jpg,https://images.gr-assets.com/books/1311281857s/11107244.jpg,2337,1189,16.0
7500,46676,46676,45783,55,1400034728,9781400034730.0,Harold S. Kushner,1981.0,When Bad Things Happen to Good People,When Bad Things Happen to Good People,,4.02,10615,11565,643,234,607,2414,3785,4525,https://s.gr-assets.com/assets/nophoto/book/111x148-bcc042a9c91a29c1d680899eff700a03.png,https://s.gr-assets.com/assets/nophoto/book/50x75-a91bf249278a81aabab721ef782c4a74.png,505,281,303.0
7507,359194,359194,964959,39,1400064112,9781400064110.0,Philip G. Zimbardo,2007.0,The Lucifer Effect: Understanding How Good People Turn Evil,The Lucifer Effect: Understanding How Good People Turn Evil,eng,3.94,11860,12944,653,345,741,2660,4809,4389,https://s.gr-assets.com/assets/nophoto/book/111x148-bcc042a9c91a29c1d680899eff700a03.png,https://s.gr-assets.com/assets/nophoto/book/50x75-a91bf249278a81aabab721ef782c4a74.png,2139,847,9.0
7517,5553,5553,736922,39,465023924,9780465023930.0,Richard Feynman,1962.0,Six Easy Pieces: Essentials of Physics Explained by Its Most Brilliant Teacher,Six Easy Pieces: Essentials of Physics By Its Most Brilliant Teacher,eng,4.19,11867,13240,428,133,417,2123,4700,5867,https://s.gr-assets.com/assets/nophoto/book/111x148-bcc042a9c91a29c1d680899eff700a03.png,https://s.gr-assets.com/assets/nophoto/book/50x75-a91bf249278a81aabab721ef782c4a74.png,709,488,8.0
7547,407999,407999,397306,20,684841487,9780684841490.0,Michael E. Porter,1980.0,Competitive Strategy: Techniques for Analyzing Industries and Competitors,Competitive Strategy: Techniques for Analyzing Industries and Competitors,,4.14,10850,11087,71,182,400,1890,3856,4759,https://s.gr-assets.com/assets/nophoto/book/111x148-bcc042a9c91a29c1d680899eff700a03.png,https://s.gr-assets.com/assets/nophoto/book/50x75-a91bf249278a81aabab721ef782c4a74.png,619,57,0.0
7577,1908456,1908456,1910340,26,321525655,9780321525660.0,Garr Reynolds,2007.0,Presentation Zen: Simple Ideas on Presentation Design and Delivery (Voices That Matter),Presentation Zen: Simple Ideas on Presentation Design and Delivery,,4.08,10896,11459,390,200,519,2138,3898,4704,https://s.gr-assets.com/assets/nophoto/book/111x148-bcc042a9c91a29c1d680899eff700a03.png,https://s.gr-assets.com/assets/nophoto/book/50x75-a91bf249278a81aabab721ef782c4a74.png,575,135,0.0
7581,9512985,9512985,14398778,29,1591843529,9781591843530.0,Josh Kaufman,2010.0,,The Personal MBA: Master the Art of Business,,4.04,12165,13576,558,275,687,2658,4613,5343,https://s.gr-assets.com/assets/nophoto/book/111x148-bcc042a9c91a29c1d680899eff700a03.png,https://s.gr-assets.com/assets/nophoto/book/50x75-a91bf249278a81aabab721ef782c4a74.png,869,150,0.0
7593,5986375,5986375,6160130,38,316068225,9780316068220.0,David Foster Wallace,2009.0,This is Water,"This Is Water: Some Thoughts, Delivered on a Significant Occasion, about Living a Compassionate Life",eng,4.53,13312,14858,1245,73,237,1170,3675,9703,https://images.gr-assets.com/books/1344270056m/5986375.jpg,https://images.gr-assets.com/books/1344270056s/5986375.jpg,707,366,41.0
7594,5552,5552,4099794,43,691024170,9780691024170.0,Richard Feynman,1985.0,QED: The Strange Theory of Light and Matter,QED: The Strange Theory of Light and Matter,,4.23,10438,11480,358,150,321,1721,3835,5453,https://s.gr-assets.com/assets/nophoto/book/111x148-bcc042a9c91a29c1d680899eff700a03.png,https://s.gr-assets.com/assets/nophoto/book/50x75-a91bf249278a81aabab721ef782c4a74.png,1249,352,0.0
7606,12075,12075,3157863,202,415254086,9780415254080.0,Ludwig Wittgenstein,1921.0,Logisch-Philosophische Abhandlung,Tractatus Logico-Philosophicus,en-US,4.06,11069,12182,406,297,699,2188,3813,5185,https://images.gr-assets.com/books/1396830687m/12075.jpg,https://images.gr-assets.com/books/1396830687s/12075.jpg,1643,238,14.0
7612,17334495,17334495,24066037,18,141654786X,9781416547860.0,Doris Kearns Goodwin,2013.0,"The Bully Pulpit: Theodore Roosevelt, William Howard Taft, and the Golden Age of Journalism","The Bully Pulpit: Theodore Roosevelt, William Howard Taft, and the Golden Age of Journalism",eng,4.16,10384,12008,1498,220,342,1699,4775,4972,https://images.gr-assets.com/books/1386557352m/17334495.jpg,https://images.gr-assets.com/books/1386557352s/17334495.jpg,725,709,405.0
7628,9151181,9151181,14030099,30,1605292885,9781605292880.0,"Howard Schultz, Joanne Gordon",2007.0,Onward: How Starbucks Fought for Its Life without Losing Its Soul,Onward: How Starbucks Fought for Its Life without Losing Its Soul,en-CA,3.79,11119,12140,760,316,889,3236,4341,3358,https://s.gr-assets.com/assets/nophoto/book/111x148-bcc042a9c91a29c1d680899eff700a03.png,https://s.gr-assets.com/assets/nophoto/book/50x75-a91bf249278a81aabab721ef782c4a74.png,841,270,106.0
7669,514210,514210,1223062,39,375705104,9780375705110.0,Alan W. Watts,1957.0,The Way of Zen,The Way of Zen,eng,4.18,11166,11779,375,83,325,2034,4326,5011,https://s.gr-assets.com/assets/nophoto/book/111x148-bcc042a9c91a29c1d680899eff700a03.png,https://s.gr-assets.com/assets/nophoto/book/50x75-a91bf249278a81aabab721ef782c4a74.png,700,237,535.0
7693,23158207,23158207,42705109,39,,,"Eric Schmidt, Jonathan Rosenberg",2014.0,How Google Works,How Google Works,en-CA,4.03,11703,13299,883,228,592,2456,5287,4736,https://s.gr-assets.com/assets/nophoto/book/111x148-bcc042a9c91a29c1d680899eff700a03.png,https://s.gr-assets.com/assets/nophoto/book/50x75-a91bf249278a81aabab721ef782c4a74.png,1239,332,8.0
7715,23426,23426,14280312,77,802142400,9780802142400.0,Alain de Botton,1993.0,Essays in Love,On Love,eng,3.97,8288,12750,1169,168,648,2698,5071,4165,https://s.gr-assets.com/assets/nophoto/book/111x148-bcc042a9c91a29c1d680899eff700a03.png,https://s.gr-assets.com/assets/nophoto/book/50x75-a91bf249278a81aabab721ef782c4a74.png,554,526,13.0
7723,159418,159418,17612730,450,872204227,9780872204220.0,"René Descartes, Donald A. Cress",1637.0,,Discourse on Method,eng,3.7,10615,12610,288,309,1137,3853,4052,3259,https://images.gr-assets.com/books/1405624619m/159418.jpg,https://images.gr-assets.com/books/1405624619s/159418.jpg,1103,213,17.0
7754,22551809,22551809,42009504,21,081299325X,9780812993260.0,David  Brooks,2015.0,The Road to Character,The Road to Character,eng,3.66,10648,12263,1213,574,1189,3279,4001,3220,https://images.gr-assets.com/books/1422216361m/22551809.jpg,https://images.gr-assets.com/books/1422216361s/22551809.jpg,983,525,100.0
7778,27297,27297,3320969,348,140443487,9780140443490.0,"Confucius, D.C. Lau",-476.0,論語 [Lún Yǔ],The Analects,eng,3.82,9807,13227,468,282,1027,3516,4303,4099,https://images.gr-assets.com/books/1309201523m/27297.jpg,https://images.gr-assets.com/books/1309201523s/27297.jpg,1443,362,316.0
7845,18668059,18668059,26493723,23,1591846358,9781591846350.0,Ryan Holiday,2014.0,The Obstacle Is the Way: The Timeless Art of Turning Adversity to Advantage,The Obstacle Is the Way: The Timeless Art of Turning Trials into Triumph,eng,4.11,12470,15248,1102,321,747,2513,5000,6667,https://images.gr-assets.com/books/1391440316m/18668059.jpg,https://images.gr-assets.com/books/1391440316s/18668059.jpg,1369,406,11.0
7869,23419,23419,14280291,72,679779175,9780679779180.0,Alain de Botton,2000.0,The Consolations of Philosophy,The Consolations of Philosophy,en-US,3.99,10291,13228,1014,145,542,2814,5529,4198,https://images.gr-assets.com/books/1403191802m/23419.jpg,https://images.gr-assets.com/books/1403191802s/23419.jpg,1670,563,28.0
7873,685401,685401,962740,25,684856360,9780684856360.0,Seth Godin,2014.0,,Permission Marketing: Turning Strangers Into Friends And Friends Into Customers,,3.94,10146,10380,246,222,582,2365,3643,3568,https://s.gr-assets.com/assets/nophoto/book/111x148-bcc042a9c91a29c1d680899eff700a03.png,https://s.gr-assets.com/assets/nophoto/book/50x75-a91bf249278a81aabab721ef782c4a74.png,949,101,0.0
7876,16256798,16256798,22300682,36,1885167776,9781885167770.0,"Gary Keller, Jay Papasan",2012.0,The One Thing: The Surprisingly Simple Truth Behind Extraordinary Results ,The One Thing: The Surprisingly Simple Truth Behind Extraordinary Results,eng,4.17,13388,16617,1424,252,676,2582,5668,7439,https://images.gr-assets.com/books/1362177469m/16256798.jpg,https://images.gr-assets.com/books/1362177469s/16256798.jpg,1446,373,0.0
7898,6419887,6419887,6609046,43,61730327,9780061730320.0,"William Kamkwamba, Bryan Mealer",2009.0,The Boy Who Harnessed the Wind: Creating Currents of Electricity and Hope,The Boy Who Harnessed the Wind: Creating Currents of Electricity and Hope,en-US,4.07,13374,14754,2555,213,525,2626,6003,5387,https://s.gr-assets.com/assets/nophoto/book/111x148-bcc042a9c91a29c1d680899eff700a03.png,https://s.gr-assets.com/assets/nophoto/book/50x75-a91bf249278a81aabab721ef782c4a74.png,1077,907,553.0
7910,31555,31555,1981,24,688172172,9780688172180.0,"V.S. Ramachandran, Sandra Blakeslee, Oliver Sacks",1998.0,Phantoms in the Brain: Probing the Mysteries of the Human Mind,Phantoms in the Brain: Probing the Mysteries of the Human Mind,eng,4.25,12194,12775,507,180,386,1731,4261,6217,https://images.gr-assets.com/books/1409601908m/31555.jpg,https://images.gr-assets.com/books/1409601908s/31555.jpg,1349,290,0.0
7917,25017,25017,2084098,31,60838590,9780060838590.0,Simon Winchester,2003.0,"Krakatoa: The Day the World Exploded: August 27, 1883 ",Krakatoa: The Day the World Exploded,eng,3.86,12625,13459,994,208,781,3380,5458,3632,https://images.gr-assets.com/books/1407108467m/25017.jpg,https://images.gr-assets.com/books/1407108467s/25017.jpg,1330,967,15.0
7920,12675109,12675109,17790487,19,,,"James C. Collins, Morten T. Hansen",2011.0,,"Great by Choice: Uncertainty, Chaos, and Luck--Why Some Thrive Despite Them All",eng,4.07,10845,11471,458,219,471,2113,4121,4547,https://s.gr-assets.com/assets/nophoto/book/111x148-bcc042a9c91a29c1d680899eff700a03.png,https://s.gr-assets.com/assets/nophoto/book/50x75-a91bf249278a81aabab721ef782c4a74.png,1034,160,0.0
7923,64666,64666,77298,70,330343475,9780330343470.0,Oliver Sacks,1995.0,An Anthropologist on Mars: Seven Paradoxical Tales,An Anthropologist on Mars: Seven Paradoxical Tales,eng,4.18,10894,12892,768,69,276,1960,5526,5061,https://images.gr-assets.com/books/1356447436m/64666.jpg,https://images.gr-assets.com/books/1356447436s/64666.jpg,2085,1060,18.0
7929,23731881,23731881,43264515,6,316369152,9780316369150.0,"J.K. Rowling, Joel Holland",2015.0,Very Good Lives: The Fringe Benefits of Failure and the Importance of Imagination,Very Good Lives: The Fringe Benefits of Failure and the Importance of Imagination,eng,4.26,12510,13494,1838,312,408,1755,3965,7054,https://images.gr-assets.com/books/1418419116m/23731881.jpg,https://images.gr-assets.com/books/1418419116s/23731881.jpg,1383,1265,61.0
7946,39926,39926,836516,43,60512180,9780060512190.0,Naomi Wolf,1990.0,The Beauty Myth: How Images of Beauty Are Used Against Women,The Beauty Myth,eng,3.89,13037,14266,790,234,790,3493,5552,4197,https://s.gr-assets.com/assets/nophoto/book/111x148-bcc042a9c91a29c1d680899eff700a03.png,https://s.gr-assets.com/assets/nophoto/book/50x75-a91bf249278a81aabab721ef782c4a74.png,639,450,0.0
7950,2358737,2358737,2365504,49,374166854,9780374166850.0,Thomas L. Friedman,2008.0,"Hot, Flat, and Crowded: Why We Need a Green Revolution--and How It Can Renew America","Hot, Flat, and Crowded: Why We Need a Green Revolution--and How It Can Renew America",en-US,3.68,10714,11584,1418,320,961,3333,4488,2482,https://images.gr-assets.com/books/1312006327m/2358737.jpg,https://images.gr-assets.com/books/1312006327s/2358737.jpg,513,341,0.0
7964,15801967,15801967,21525361,36,1451686579,9781451686580.0,Jonah Berger,2013.0,Contagious. Why Things Catch On.,Contagious: Why Things Catch On,eng,3.88,11287,12601,1169,258,705,3086,4801,3751,https://images.gr-assets.com/books/1376783352m/15801967.jpg,https://images.gr-assets.com/books/1376783352s/15801967.jpg,1498,454,0.0
7967,1173576,1173576,1161341,37,61438294,9780061438300.0,"Joe Navarro, Marvin Karlins",2008.0,What Every Body is Saying: An FBI Agent's Guide to Speed-Reading People,What Every Body is Saying: An Ex-FBI Agent's Guide to Speed-Reading People,eng,3.9,10204,11626,732,159,636,2867,4525,3439,https://images.gr-assets.com/books/1355055362m/1173576.jpg,https://images.gr-assets.com/books/1355055362s/1173576.jpg,1126,435,0.0
7984,25953369,25953369,45855800,48,62363603,9780062363600.0,Margot Lee Shetterly,2016.0,Hidden Figures: The American Dream and the Untold Story of the Black Women Mathematicians Who Helped Win the Space Race,Hidden Figures: The American Dream and the Untold Story of the Black Women Mathematicians Who Helped Win the Space Race,eng,3.92,19947,25212,4211,497,1461,5611,9595,8048,https://images.gr-assets.com/books/1481844518m/25953369.jpg,https://images.gr-assets.com/books/1481844518s/25953369.jpg,3131,2610,461.0
7985,20995,20995,912908,33,1861977697,9781861977690.0,Robert Greene,2001.0,Art of Seduction,The Art of Seduction,eng,4.05,10100,11526,736,272,642,2154,3592,4866,https://s.gr-assets.com/assets/nophoto/book/111x148-bcc042a9c91a29c1d680899eff700a03.png,https://s.gr-assets.com/assets/nophoto/book/50x75-a91bf249278a81aabab721ef782c4a74.png,755,277,0.0
7998,174879,174879,168933,45,039575531X,9780395755310.0,"Carl R. Rogers, Peter D. Kramer",1961.0,On Becoming a Person:  A Therapist's View of Psychotherapy,On Becoming a Person: A Therapist's View of Psychotherapy,,4.11,9988,10370,166,220,423,1817,3476,4434,https://s.gr-assets.com/assets/nophoto/book/111x148-bcc042a9c91a29c1d680899eff700a03.png,https://s.gr-assets.com/assets/nophoto/book/50x75-a91bf249278a81aabab721ef782c4a74.png,837,183,10.0
8000,16176,16176,1254615,27,60556579,9780060556570.0,Matt Ridley,1993.0,The Red Queen: Sex and the Evolution of Human Nature,The Red Queen: Sex and the Evolution of Human Nature,en-US,4.02,11437,11933,454,222,565,2301,4467,4378,https://s.gr-assets.com/assets/nophoto/book/111x148-bcc042a9c91a29c1d680899eff700a03.png,https://s.gr-assets.com/assets/nophoto/book/50x75-a91bf249278a81aabab721ef782c4a74.png,1170,619,0.0
8011,130119,130119,300449,231,1420926993,9781420927000.0,David Hume,1748.0,An Enquiry concerning Human Understanding,An Enquiry Concerning Human Understanding,eng,3.9,11646,13144,286,263,809,3193,4551,4328,https://s.gr-assets.com/assets/nophoto/book/111x148-bcc042a9c91a29c1d680899eff700a03.png,https://s.gr-assets.com/assets/nophoto/book/50x75-a91bf249278a81aabab721ef782c4a74.png,665,320,26.0
8014,155981,155981,150518,50,671700758,9780671700750.0,Maxwell Maltz,1960.0,Psycho-Cybernetics. A New Way to Get More Living Out of Life,"Psycho-Cybernetics, A New Way to Get More Living Out of Life",,4.2,10652,11122,312,195,452,1768,3172,5535,https://s.gr-assets.com/assets/nophoto/book/111x148-bcc042a9c91a29c1d680899eff700a03.png,https://s.gr-assets.com/assets/nophoto/book/50x75-a91bf249278a81aabab721ef782c4a74.png,572,119,4.0
8025,66933,66933,865773,53,802141323,9780802141320.0,"Frantz Fanon, Jean-Paul Sartre, Richard Philcox, Homi K. Bhabha",1961.0,Les Damnés de la terre,The Wretched of the Earth,eng,4.16,11142,12233,474,192,461,1952,4189,5439,https://s.gr-assets.com/assets/nophoto/book/111x148-bcc042a9c91a29c1d680899eff700a03.png,https://s.gr-assets.com/assets/nophoto/book/50x75-a91bf249278a81aabab721ef782c4a74.png,792,515,0.0
8033,21025,21025,22212,48,60938110,9780060938120.0,"Irvin D. Yalom, Nicola Ferguson",2001.0,The Gift of Therapy: An Open Letter to a New Generation of Therapists and Their Patients,The Gift of Therapy: An Open Letter to a New Generation of Therapists and Their Patients,,4.22,9569,10817,384,161,354,1554,3600,5148,https://s.gr-assets.com/assets/nophoto/book/111x148-bcc042a9c91a29c1d680899eff700a03.png,https://s.gr-assets.com/assets/nophoto/book/50x75-a91bf249278a81aabab721ef782c4a74.png,708,93,8.0
8034,160830,160830,155231,28,1591841003,9781591841000.0,Seth Godin,2005.0,All Marketers Are Liars: The Power of Telling Authentic Stories in a Low-Trust World,All Marketers Are Liars: The Power of Telling Authentic Stories in a Low-Trust World,en-US,3.88,9068,9855,347,276,616,2271,3518,3174,https://images.gr-assets.com/books/1420382656m/160830.jpg,https://images.gr-assets.com/books/1420382656s/160830.jpg,920,167,0.0
8046,13593553,13593553,19181701,39,1594487154,9781594487160.0,Daniel H. Pink,2012.0,,To Sell Is Human: The Surprising Truth About Moving Others,,3.89,9858,11426,899,207,629,2726,4569,3295,https://images.gr-assets.com/books/1355138750m/13593553.jpg,https://images.gr-assets.com/books/1355138750s/13593553.jpg,1501,372,0.0
8047,126061,126061,452382,84,451037707,9780451037700.0,James D. Watson,1968.0,The Double Helix: A Personal Account of the Discovery of the Structure of DNA,The Double Helix,eng,3.87,11415,12997,637,278,769,3208,4823,3919,https://images.gr-assets.com/books/1384152213m/126061.jpg,https://images.gr-assets.com/books/1384152213s/126061.jpg,1543,593,216.0
8064,113576,113576,1604,11,1591840538,9781591840530.0,"Bethany McLean, Peter Elkind",2003.0,The Smartest Guys in the Room: The Amazing Rise and Scandalous Fall of Enron,The Smartest Guys in the Room: The Amazing Rise and Scandalous Fall of Enron,,4.14,10525,11228,383,92,282,1885,4634,4335,https://images.gr-assets.com/books/1309204701m/113576.jpg,https://images.gr-assets.com/books/1309204701s/113576.jpg,589,189,23.0
8084,33293,7937510,2074000,25,393324869,9780393324860.0,Charles Wheelan,2002.0,Naked Economics: Undressing the Dismal Science,Naked Economics: Undressing the Dismal Science,,4.0,5646,11154,809,131,484,2238,4749,3552,https://s.gr-assets.com/assets/nophoto/book/111x148-bcc042a9c91a29c1d680899eff700a03.png,https://s.gr-assets.com/assets/nophoto/book/50x75-a91bf249278a81aabab721ef782c4a74.png,1420,503,0.0
8121,9862761,9862761,14754158,30,307265722,9780307265720.0,Charles C. Mann,2011.0,1493: Uncovering the New World Columbus Created,1493: Uncovering the New World Columbus Created,en-GB,4.05,10963,11959,1125,238,496,2129,4615,4481,https://images.gr-assets.com/books/1327900945m/9862761.jpg,https://images.gr-assets.com/books/1327900945s/9862761.jpg,919,815,26.0
8139,17675031,17675031,24678766,28,525426361,9780525426360.0,"Esther Earl, Lori Earl, Wayne Earl, John Green",2014.0,,This Star Won't Go Out: The Life and Words of Esther Grace Earl,eng,4.19,12887,14046,1934,298,636,2151,3958,7003,https://images.gr-assets.com/books/1392015126m/17675031.jpg,https://images.gr-assets.com/books/1392015126s/17675031.jpg,804,804,447.0
8160,12617,12617,857416,25,375714499,9780375714500.0,"Noam Chomsky, Edward S. Herman",1988.0,Manufacturing Consent: The Political Economy of the Mass Media,Manufacturing Consent: The Political Economy of the Mass Media,eng,4.22,10301,10987,350,127,332,1556,3936,5036,https://images.gr-assets.com/books/1222383663m/12617.jpg,https://images.gr-assets.com/books/1222383663s/12617.jpg,1169,816,0.0
8303,13235689,13235689,18433052,27,1936365537,9781936365530.0,David Byrne,2012.0,How Music Works,How Music Works,,3.95,10163,11016,738,380,518,2214,4018,3886,https://images.gr-assets.com/books/1340792878m/13235689.jpg,https://images.gr-assets.com/books/1340792878s/13235689.jpg,543,495,55.0
8313,5771014,5771014,5942757,30,1598878735,9781598878740.0,"Daniel Coyle, John Farrell",2009.0,"The Talent Code: Unlocking the Secret of Skill in Sports, Art, Music, Math, and Just About Everything Else","The Talent Code: Unlocking the Secret of Skill in Sports, Art, Music, Math, and Just About Everything Else",,4.07,10334,12043,946,147,476,2308,4618,4494,https://images.gr-assets.com/books/1404579448m/5771014.jpg,https://images.gr-assets.com/books/1404579448s/5771014.jpg,1305,545,43.0
8362,25852784,25852784,45720714,16,553447432,9780553447440.0,Matthew Desmond,2016.0,Evicted: Poverty and Profit in the American City,Evicted: Poverty and Profit in the American City,eng,4.48,15165,17326,3019,98,251,1329,5234,10414,https://images.gr-assets.com/books/1453060710m/25852784.jpg,https://images.gr-assets.com/books/1453060710s/25852784.jpg,2323,2202,14.0
8375,2068,2068,1835,24,068482471X,9780684824710.0,Daniel C. Dennett,1995.0,Darwin's Dangerous Idea: Evolution and the Meanings of Life,Darwin's Dangerous Idea: Evolution and the Meanings of Life,en-US,4.03,11090,11292,222,276,592,2164,3717,4543,https://s.gr-assets.com/assets/nophoto/book/111x148-bcc042a9c91a29c1d680899eff700a03.png,https://s.gr-assets.com/assets/nophoto/book/50x75-a91bf249278a81aabab721ef782c4a74.png,1414,365,36.0
8390,12073,12073,2078450,62,631231277,9780631231270.0,"Ludwig Wittgenstein, G.E.M. Anscombe",1953.0,Philosophische Untersuchungen,Philosophical Investigations,en-US,4.23,9403,10085,224,240,389,1389,2869,5198,https://s.gr-assets.com/assets/nophoto/book/111x148-bcc042a9c91a29c1d680899eff700a03.png,https://s.gr-assets.com/assets/nophoto/book/50x75-a91bf249278a81aabab721ef782c4a74.png,1438,202,17.0
8400,53200,53200,64240,63,553374117,9780553374120.0,Stephen Hawking,1993.0,Black Holes and Baby Universes and Other Essays,Black Holes and Baby Universes,eng,4.09,9477,10127,228,136,431,1927,3547,4086,https://s.gr-assets.com/assets/nophoto/book/111x148-bcc042a9c91a29c1d680899eff700a03.png,https://s.gr-assets.com/assets/nophoto/book/50x75-a91bf249278a81aabab721ef782c4a74.png,895,296,14.0
8403,31795,31795,32011,83,671739166,9780671739160.0,Will Durant,1926.0,The Story of Philosophy,The Story of Philosophy: The Lives and Opinions of the World's Greatest Philosophers,eng,4.09,8618,10289,631,153,425,1850,3751,4110,https://s.gr-assets.com/assets/nophoto/book/111x148-bcc042a9c91a29c1d680899eff700a03.png,https://s.gr-assets.com/assets/nophoto/book/50x75-a91bf249278a81aabab721ef782c4a74.png,755,365,56.0
8417,6326920,6326920,6512514,46,385529376,9780385529370.0,Ben Mezrich,2009.0,"The Accidental Billionaires: The Founding of Facebook: A Tale of Sex, Money, Genius and Betrayal","The Accidental Billionaires: The Founding of Facebook, a Tale of Sex, Money, Genius and Betrayal",en-US,3.5,9400,11768,1443,309,1288,4213,4124,1834,https://images.gr-assets.com/books/1320527444m/6326920.jpg,https://images.gr-assets.com/books/1320527444s/6326920.jpg,736,534,175.0
8433,3872,3872,7600,31,802715524,9780802715520.0,Tom Standage,2005.0,A History of the World in 6 Glasses,A History of the World in 6 Glasses,en-US,3.74,10473,12688,1583,182,794,3820,5184,2708,https://images.gr-assets.com/books/1415681601m/3872.jpg,https://images.gr-assets.com/books/1415681601s/3872.jpg,1081,1036,383.0
8472,208036,208036,2479557,201,1888009039,9781888009030.0,"Aristotle, Joe Sachs",-330.0,τὰ μετὰ τὰ φυσικά,Metaphysics,,4.0,10112,10645,129,181,607,2377,3299,4181,https://images.gr-assets.com/books/1355049704m/208036.jpg,https://images.gr-assets.com/books/1355049704s/208036.jpg,947,115,14.0
8485,4224060,4224060,4271462,71,670020478,9780670020480.0,"Ken Robinson, Lou Aronica",2009.0,The Element: A New View of Human Capacity,The Element: How Finding Your Passion Changes Everything,eng,3.89,9074,11124,1216,230,779,2596,3932,3587,https://s.gr-assets.com/assets/nophoto/book/111x148-bcc042a9c91a29c1d680899eff700a03.png,https://s.gr-assets.com/assets/nophoto/book/50x75-a91bf249278a81aabab721ef782c4a74.png,683,239,9.0
8513,129565,129565,124787,9,670032085,9780670032080.0,Dave Ramsey,1992.0,Financial Peace Revisited,Financial Peace Revisited,,4.31,10914,11271,614,95,263,1528,3508,5877,https://images.gr-assets.com/books/1309201190m/129565.jpg,https://images.gr-assets.com/books/1309201190s/129565.jpg,584,226,55.0
8544,7783191,7783191,10711242,32,307459659,9780307459660.0,"Christopher Chabris, Daniel Simons",2010.0,The Invisible Gorilla,The Invisible Gorilla: And Other Ways Our Intuitions Deceive Us,eng,3.88,10080,10826,586,227,710,2588,3946,3355,https://images.gr-assets.com/books/1320530790m/7783191.jpg,https://images.gr-assets.com/books/1320530790s/7783191.jpg,1344,506,0.0
8549,4924862,4924862,4990463,19,761147489,9780761147480.0,Ramit Sethi,2009.0,I Will Teach You To Be Rich,I Will Teach You To Be Rich,eng,4.04,10209,11746,897,188,581,2126,4480,4371,https://images.gr-assets.com/books/1404581320m/4924862.jpg,https://images.gr-assets.com/books/1404581320s/4924862.jpg,1316,375,0.0
8553,8492907,8492907,13358451,51,385530803,9780385530800.0,Michio Kaku,2011.0,Physics of the Future: How Science Will Shape Human Destiny and Our Daily Lives by the Year 2100 ,Physics of the Future: How Science Will Shape Human Destiny and Our Daily Lives by the Year 2100,eng,3.98,10159,11605,919,212,532,2463,4461,3937,https://images.gr-assets.com/books/1320504811m/8492907.jpg,https://images.gr-assets.com/books/1320504811s/8492907.jpg,1654,682,0.0
8611,80449,80449,13751223,203,019283617X,9780192836180.0,"Friedrich Nietzsche, Douglas Smith",1887.0,Zur Genealogie der Moral,On the Genealogy of Morals,,4.1,9214,11809,358,191,489,2114,4199,4816,https://s.gr-assets.com/assets/nophoto/book/111x148-bcc042a9c91a29c1d680899eff700a03.png,https://s.gr-assets.com/assets/nophoto/book/50x75-a91bf249278a81aabab721ef782c4a74.png,1424,263,51.0
8623,61665,61665,1321045,30,345379187,9780345379180.0,"Carl Sagan, Ann Druyan",1997.0,Billions and Billions: Thoughts on Life and Death at the Brink of the Millennium,Billions & Billions: Thoughts on Life and Death at the Brink of the Millennium,,4.26,10690,11336,366,104,295,1612,3851,5474,https://images.gr-assets.com/books/1366573520m/61665.jpg,https://images.gr-assets.com/books/1366573520s/61665.jpg,1371,446,16.0
8639,15811520,15811520,21536784,10,1594205345,9781594205350.0,Charlie LeDuff,2013.0,,Detroit: An American Autopsy,eng,3.95,9860,11103,1692,172,499,2343,4785,3304,https://images.gr-assets.com/books/1350363602m/15811520.jpg,https://images.gr-assets.com/books/1350363602s/15811520.jpg,824,798,165.0
8688,665,665,443285,53,451163931,9780451163940.0,"Ayn Rand, Nathaniel Branden",1961.0,The Virtue of Selfishness: A New Concept of Egoism,The Virtue of Selfishness: A New Concept of Egoism,eng,3.47,10198,10682,433,1337,1071,2463,2837,2974,https://images.gr-assets.com/books/1425001997m/665.jpg,https://images.gr-assets.com/books/1425001997s/665.jpg,901,323,4.0
8703,385255,385255,909535,13,743254430,9780743254430.0,Adrian Nicole LeBlanc,2003.0,"Random Family: Love, Drugs, Trouble, and Coming of Age in the Bronx","Random Family: Love, Drugs, Trouble, and Coming of Age in the Bronx",en-US,4.23,9053,9581,1261,124,329,1314,3235,4579,https://s.gr-assets.com/assets/nophoto/book/111x148-bcc042a9c91a29c1d680899eff700a03.png,https://s.gr-assets.com/assets/nophoto/book/50x75-a91bf249278a81aabab721ef782c4a74.png,694,691,127.0
8721,2372,2372,1025700,29,743262131,9780743262130.0,David McCullough,1977.0,"The Path Between the Seas: The Creation of the Panama Canal, 1870-1914","The Path Between the Seas: The Creation of the Panama Canal, 1870-1914",eng,4.19,9349,11891,1052,118,329,1796,4567,5081,https://s.gr-assets.com/assets/nophoto/book/111x148-bcc042a9c91a29c1d680899eff700a03.png,https://s.gr-assets.com/assets/nophoto/book/50x75-a91bf249278a81aabab721ef782c4a74.png,558,523,29.0
8736,6150530,6150530,6329677,44,1401322905,9781401322910.0,Chris Anderson,2009.0,Free: The Future of a Radical Price,Free: The Future of a Radical Price,en-US,3.83,10607,11472,605,311,771,2961,3962,3467,https://s.gr-assets.com/assets/nophoto/book/111x148-bcc042a9c91a29c1d680899eff700a03.png,https://s.gr-assets.com/assets/nophoto/book/50x75-a91bf249278a81aabab721ef782c4a74.png,975,281,0.0
8747,254799,254799,246926,12,743235274,9780743235270.0,Twyla Tharp,2003.0,The Creative Habit: Learn It and Use It for Life,The Creative Habit: Learn It and Use It for Life,eng,4.0,12838,13338,765,306,800,2760,4250,5222,https://images.gr-assets.com/books/1477230182m/254799.jpg,https://images.gr-assets.com/books/1477230182s/254799.jpg,965,554,25.0
8846,8701960,8701960,13574748,41,375423729,9780375423730.0,James Gleick,2011.0,"The Information: A History, a Theory, a Flood","The Information: A History, a Theory, a Flood",eng,3.98,9874,11422,1167,207,610,2312,4425,3868,https://s.gr-assets.com/assets/nophoto/book/111x148-bcc042a9c91a29c1d680899eff700a03.png,https://s.gr-assets.com/assets/nophoto/book/50x75-a91bf249278a81aabab721ef782c4a74.png,2244,1052,0.0
8855,198863,198863,192373,49,753510995,9780753511000.0,Richard Branson,2006.0,"Screw It, Let's Do It","Screw It, Let's Do It: Lessons In Life",,3.93,7866,9297,569,137,524,2176,3490,2970,https://images.gr-assets.com/books/1312059228m/198863.jpg,https://images.gr-assets.com/books/1312059228s/198863.jpg,501,106,136.0
8867,41918,41918,729410,20,385265565,9780385265560.0,Alex Kotlowitz,1991.0,There Are No Children Here: The Story of Two Boys Growing Up in the Other America,There are No Children Here: The Story of Two Boys Growing Up in the Other America,eng,4.25,10312,10655,764,68,267,1448,4043,4829,https://images.gr-assets.com/books/1320394274m/41918.jpg,https://images.gr-assets.com/books/1320394274s/41918.jpg,653,626,63.0
8891,51364,51364,50128,30,60859512,9780060859510.0,Bart D. Ehrman,2005.0,Misquoting Jesus: The Story Behind Who Changed the Bible and Why,Misquoting Jesus: The Story Behind Who Changed the Bible and Why,en-US,3.91,10075,11242,1013,360,548,2307,4596,3431,https://images.gr-assets.com/books/1407109431m/51364.jpg,https://images.gr-assets.com/books/1407109431s/51364.jpg,792,685,546.0
8903,762462,762462,748554,21,743200403,9780743200400.0,"Peter Lynch, John Rothchild",1988.0,One Up On Wall Street : How To Use What You Already Know To Make Money In The Market,One Up On Wall Street: How To Use What You Already Know To Make Money In The Market,en-US,4.12,10563,11264,315,161,390,2020,4103,4590,https://images.gr-assets.com/books/1444850522m/762462.jpg,https://images.gr-assets.com/books/1444850522s/762462.jpg,503,130,5.0
8907,60551,60551,58910,26,679723005,9780679723000.0,Alan W. Watts,1966.0,The Book on the Taboo Against Knowing Who You Are,The Book on the Taboo Against Knowing Who You Are,,4.28,9811,10587,554,109,340,1416,3335,5387,https://images.gr-assets.com/books/1403166178m/60551.jpg,https://images.gr-assets.com/books/1403166178s/60551.jpg,972,307,356.0
8915,2067,2067,598404,23,067003472X,9780670034730.0,Daniel C. Dennett,2006.0,Breaking the Spell: Religion as a Natural Phenomenon,Breaking the Spell: Religion as a Natural Phenomenon,en-US,3.89,8381,9366,383,312,573,2006,3457,3018,https://s.gr-assets.com/assets/nophoto/book/111x148-bcc042a9c91a29c1d680899eff700a03.png,https://s.gr-assets.com/assets/nophoto/book/50x75-a91bf249278a81aabab721ef782c4a74.png,1244,448,595.0
8925,17255186,17255186,23848838,16,988262592,9780988262590.0,"Gene Kim, Kevin Behr, George Spafford",2013.0,,"The Phoenix Project: A Novel About IT, DevOps, and Helping Your Business Win",en-GB,4.24,7311,11237,1177,73,292,1493,4354,5025,https://images.gr-assets.com/books/1361113128m/17255186.jpg,https://images.gr-assets.com/books/1361113128s/17255186.jpg,845,236,0.0
8926,17287009,17287009,23907081,12,1250038820,9781250038820.0,Brandon Stanton,2013.0,,Humans of New York,eng,4.5,12614,12865,1301,93,183,1102,3348,8139,https://images.gr-assets.com/books/1384184910m/17287009.jpg,https://images.gr-assets.com/books/1384184910s/17287009.jpg,790,781,51.0
8930,1823,1823,5946,20,743233212,9780743233220.0,Jon Ronson,2001.0,Them: Adventures with Extremists,Them: Adventures with Extremists,en-US,3.94,9081,11362,833,71,394,2648,5284,2965,https://s.gr-assets.com/assets/nophoto/book/111x148-bcc042a9c91a29c1d680899eff700a03.png,https://s.gr-assets.com/assets/nophoto/book/50x75-a91bf249278a81aabab721ef782c4a74.png,944,892,199.0
8933,22609522,22609522,42099492,34,147675571X,9781476755720.0,Bill Browder,2014.0,"Red Notice: A True Story of High Finance, Murder, and One Man’s Fight for Justice","Red Notice: A True Story of High Finance, Murder, and One Man’s Fight for Justice",en-GB,4.39,8729,12693,1398,117,239,1213,4157,6967,https://images.gr-assets.com/books/1422848658m/22609522.jpg,https://images.gr-assets.com/books/1422848658s/22609522.jpg,529,436,199.0
8934,621,621,806311,27,767923820,9780767923830.0,David Bach,2003.0,The Automatic Millionaire: A Powerful One-Step Plan to Live and Finish Rich,The Automatic Millionaire: A Powerful One-Step Plan to Live and Finish Rich,,3.9,10091,10676,508,211,664,2680,3567,3554,https://s.gr-assets.com/assets/nophoto/book/111x148-bcc042a9c91a29c1d680899eff700a03.png,https://s.gr-assets.com/assets/nophoto/book/50x75-a91bf249278a81aabab721ef782c4a74.png,597,166,0.0
8940,392563,392563,2373496,33,374249393,9780374249400.0,Alex  Ross,2007.0,The Rest Is Noise: Listening to the Twentieth Century,The Rest Is Noise: Listening to the Twentieth Century,eng,4.08,9316,10007,611,381,497,1471,3236,4422,https://images.gr-assets.com/books/1311973474m/392563.jpg,https://images.gr-assets.com/books/1311973474s/392563.jpg,517,505,9.0
8943,18213403,18213403,25637147,51,162779073X,9781627790730.0,Glenn Greenwald,2014.0,"No Place to Hide: Edward Snowden, the NSA, and the U.S. Surveillance State","No Place to Hide: Edward Snowden, the NSA, and the U.S. Surveillance State",eng,4.08,8366,10364,1130,170,381,1772,4188,3853,https://images.gr-assets.com/books/1383352779m/18213403.jpg,https://images.gr-assets.com/books/1383352779s/18213403.jpg,934,797,60.0
8977,8570787,8570787,13439499,25,141659907X,9781416599070.0,A.J. Jacobs,2012.0,,Drop Dead Healthy: One Man's Humble Quest for Bodily Perfection,eng,3.75,10831,11874,1622,156,702,3501,5068,2447,https://images.gr-assets.com/books/1344398815m/8570787.jpg,https://images.gr-assets.com/books/1344398815s/8570787.jpg,895,826,595.0
9014,760025,760025,746122,34,71373586,9780071373590.0,"Al Ries, Jack Trout",1980.0,Positioning: The Battle for Your Mind,Positioning: The Battle for Your Mind: How to Be Seen and Heard in the Overcrowded Marketplace,,4.06,9344,10002,252,205,448,1901,3410,4038,https://s.gr-assets.com/assets/nophoto/book/111x148-bcc042a9c91a29c1d680899eff700a03.png,https://s.gr-assets.com/assets/nophoto/book/50x75-a91bf249278a81aabab721ef782c4a74.png,863,96,0.0
9032,4099,4099,7809,17,020161622X,9780201616220.0,"Andrew Hunt, Dave Thomas",1999.0,The Pragmatic Programmer: From Journeyman to Master,The Pragmatic Programmer: From Journeyman to Master,en-US,4.31,9416,10466,549,67,229,1218,3841,5111,https://images.gr-assets.com/books/1401432508m/4099.jpg,https://images.gr-assets.com/books/1401432508s/4099.jpg,2081,256,0.0
9064,23719479,23719479,43328972,12,547250258,9780547250250.0,Kate Clifford Larson,2015.0,Rosemary: The Hidden Kennedy Daughter,Rosemary: The Hidden Kennedy Daughter,en-CA,3.78,9819,12735,1590,260,670,3576,5371,2858,https://images.gr-assets.com/books/1439253720m/23719479.jpg,https://images.gr-assets.com/books/1439253720s/23719479.jpg,598,591,443.0
9078,355190,355190,2310058,65,039474067X,9780394740680.0,Edward Said,1978.0,Orientalism,Orientalism,eng,4.07,10458,11791,648,199,527,1925,4683,4457,https://images.gr-assets.com/books/1409777781m/355190.jpg,https://images.gr-assets.com/books/1409777781s/355190.jpg,1231,904,55.0
9097,21913812,21913812,41247321,47,1451697384,9781451697380.0,Naomi Klein,2014.0,This Changes Everything: Capitalism vs. The Climate,This Changes Everything: Capitalism vs. The Climate,eng,4.17,7652,10037,1187,245,352,1374,3586,4480,https://images.gr-assets.com/books/1418103804m/21913812.jpg,https://images.gr-assets.com/books/1418103804s/21913812.jpg,1779,1153,0.0
9110,13170021,13170021,18349336,16,1596434872,9781596434880.0,Steve Sheinkin,2012.0,Bomb: The Race to Build—and Steal—the World's Most Dangerous Weapon,Bomb: The Race to Build—and Steal—the World's Most Dangerous Weapon,eng,4.12,11164,11575,2395,346,506,1678,3946,5099,https://images.gr-assets.com/books/1424981656m/13170021.jpg,https://images.gr-assets.com/books/1424981656s/13170021.jpg,1304,1233,13.0
9163,11104030,11104030,16026187,9,345524942,9780345524940.0,Rachel Bertsche,2011.0,,MWF Seeking BFF: My Yearlong Search For A New Best Friend,eng,3.44,11001,11583,1654,567,1543,3792,3641,2040,https://images.gr-assets.com/books/1353033305m/11104030.jpg,https://images.gr-assets.com/books/1353033305s/11104030.jpg,655,622,472.0
9182,6452731,6452731,6642936,58,374180652,9780374180650.0,Michael J. Sandel,2009.0,Justice: What's the Right Thing to Do?,Justice: What's the Right Thing to Do?,en-US,4.25,8060,10065,887,83,266,1299,3843,4574,https://s.gr-assets.com/assets/nophoto/book/111x148-bcc042a9c91a29c1d680899eff700a03.png,https://s.gr-assets.com/assets/nophoto/book/50x75-a91bf249278a81aabab721ef782c4a74.png,789,533,21.0
9202,17727276,17727276,24806264,45,1476751447,9781476751440.0,Hillary Rodham Clinton,2013.0,Hard Choices,Hard Choices,eng,3.57,8724,9724,1049,682,830,2699,3253,2260,https://images.gr-assets.com/books/1402198745m/17727276.jpg,https://images.gr-assets.com/books/1402198745s/17727276.jpg,519,500,513.0
9204,9854,9854,1693873,34,143036580,9780143036590.0,"Jeffrey D. Sachs, Bono",2005.0,,The End of Poverty,,3.66,7917,8718,682,219,770,2640,3241,1848,https://s.gr-assets.com/assets/nophoto/book/111x148-bcc042a9c91a29c1d680899eff700a03.png,https://s.gr-assets.com/assets/nophoto/book/50x75-a91bf249278a81aabab721ef782c4a74.png,530,241,4.0
9222,71984,71984,69695,18,143034669,9780143034670.0,Steve Coll,2004.0,"Ghost Wars: The Secret History of the CIA, Afghanistan, and Bin Laden, from the Soviet Invasion to September 10, 2001","Ghost Wars: The Secret History of the CIA, Afghanistan, and bin Laden from the Soviet Invasion to September 10, 2001",eng,4.28,9066,9638,656,66,175,1276,3597,4524,https://s.gr-assets.com/assets/nophoto/book/111x148-bcc042a9c91a29c1d680899eff700a03.png,https://s.gr-assets.com/assets/nophoto/book/50x75-a91bf249278a81aabab721ef782c4a74.png,609,609,35.0
9286,21086818,21086818,40447706,27,297869876,9780297869870.0,Henry Marsh,2014.0,"Do No Harm: Stories of Life, Death and Brain Surgery","Do No Harm: Stories of Life, Death and Brain Surgery",eng,4.22,7978,11850,1291,120,298,1689,4534,5209,https://s.gr-assets.com/assets/nophoto/book/111x148-bcc042a9c91a29c1d680899eff700a03.png,https://s.gr-assets.com/assets/nophoto/book/50x75-a91bf249278a81aabab721ef782c4a74.png,848,619,269.0
9292,95708,95708,92244,29,1585425524,9781585425520.0,Neil A. Fiore,1988.0,The Now Habit: A Strategic Program for Overcoming Procrastination and Enjoying Guilt-Free Play,The Now Habit: A Strategic Program for Overcoming Procrastination and Enjoying Guilt-Free Play,eng,3.88,9396,10074,458,282,632,2435,3426,3299,https://images.gr-assets.com/books/1421795425m/95708.jpg,https://images.gr-assets.com/books/1421795425s/95708.jpg,1065,366,0.0
9296,4887,4887,821815,75,465016901,9780465016910.0,"Alice  Miller, Ruth Ward",1979.0,Das Drama des begabten Kindes und die Suche nach dem wahren Selbst: eine Um- und Fortschreibung,The Drama of the Gifted Child: The Search for the True Self,en-GB,4.09,9563,10830,537,189,490,2025,3548,4578,https://images.gr-assets.com/books/1339395245m/4887.jpg,https://images.gr-assets.com/books/1339395245s/4887.jpg,779,347,60.0
9303,51715,51715,882883,82,374521506,9780374521510.0,"Roland Barthes, Annette Lavers",1957.0,Mythologies,Mythologies,eng,4.11,9325,10470,373,130,370,1838,4051,4081,https://s.gr-assets.com/assets/nophoto/book/111x148-bcc042a9c91a29c1d680899eff700a03.png,https://s.gr-assets.com/assets/nophoto/book/50x75-a91bf249278a81aabab721ef782c4a74.png,985,494,0.0
9304,13270,13270,2301058,456,140446362,9780140446360.0,"Aristotle, Malcolm Heath",-335.0,Περὶ ποιητικῆς,Poetics,eng,3.81,10347,13141,557,231,982,3658,4502,3768,https://images.gr-assets.com/books/1348161995m/13270.jpg,https://images.gr-assets.com/books/1348161995s/13270.jpg,1475,495,152.0
9344,26324,26324,1386563,52,553803522,9780553803520.0,Daniel Goleman,2006.0,Social Intelligence: The New Science of Human Relationships,Social Intelligence: The New Science of Human Relationships,,3.97,8670,9395,315,141,465,2095,3566,3128,https://s.gr-assets.com/assets/nophoto/book/111x148-bcc042a9c91a29c1d680899eff700a03.png,https://s.gr-assets.com/assets/nophoto/book/50x75-a91bf249278a81aabab721ef782c4a74.png,894,276,4.0
9375,914211,914211,899306,23,007148499X,9780071484990.0,"Kerry Patterson, Joseph Grenny, David Maxfield, Ron McMillan, Al Switzler",2007.0,Influencer: The Power to Change Anything,Influencer: The Power to Change Anything,en-GB,3.98,8036,8696,470,150,453,1877,3133,3083,https://images.gr-assets.com/books/1393217540m/914211.jpg,https://images.gr-assets.com/books/1393217540s/914211.jpg,774,182,0.0
9418,15799151,15799151,21522116,35,307273601,9780307273600.0,Mason Currey,2013.0,Daily Rituals: How Artists Work,Daily Rituals: How Artists Work,eng,3.66,8565,9824,966,375,874,2848,3374,2353,https://images.gr-assets.com/books/1344618847m/15799151.jpg,https://images.gr-assets.com/books/1344618847s/15799151.jpg,1007,742,102.0
9432,74034,74034,2337731,35,014303653X,9780143036530.0,"Neil Postman, Andrew Postman",1985.0,Amusing Ourselves to Death: Public Discourse in the Age of Show Business,Amusing Ourselves to Death: Public Discourse in the Age of Show Business,eng,4.14,9736,11145,1344,162,444,1754,4095,4690,https://s.gr-assets.com/assets/nophoto/book/111x148-bcc042a9c91a29c1d680899eff700a03.png,https://s.gr-assets.com/assets/nophoto/book/50x75-a91bf249278a81aabab721ef782c4a74.png,1344,949,8.0
9505,23363874,23363874,42923140,41,1782115080,9781782115080.0,Matt Haig,2015.0,Reasons To Stay Alive ,Reasons to Stay Alive,eng,4.17,11307,14295,1980,234,548,2209,4823,6481,https://images.gr-assets.com/books/1418674667m/23363874.jpg,https://images.gr-assets.com/books/1418674667s/23363874.jpg,1212,929,351.0
9529,11306337,11306337,16234168,15,1451617852,9781451617860.0,Dave Ramsey,2011.0,,EntreLeadership: 20 Years of Practical Business Wisdom from the Trenches,,4.19,8333,8802,415,195,318,1350,2708,4231,https://images.gr-assets.com/books/1327904526m/11306337.jpg,https://images.gr-assets.com/books/1327904526s/11306337.jpg,734,113,12.0
9554,54666,54666,74517,18,080507774X,9780805077740.0,Thomas Frank,2004.0,What's the Matter with Kansas? How Conservatives Won the Heart of America,What's the Matter with Kansas? How Conservatives Won the Heart of America,en-US,3.83,9003,9679,658,182,566,2409,4043,2479,https://s.gr-assets.com/assets/nophoto/book/111x148-bcc042a9c91a29c1d680899eff700a03.png,https://s.gr-assets.com/assets/nophoto/book/50x75-a91bf249278a81aabab721ef782c4a74.png,680,587,14.0
9563,381440,381440,371226,57,942299795,9780942299790.0,"Guy Debord, Donald Nicholson-Smith",1967.0,La Société du Spectacle,The Society of the Spectacle,eng,4.04,9309,10669,305,248,506,2083,3567,4265,https://images.gr-assets.com/books/1370746722m/381440.jpg,https://images.gr-assets.com/books/1370746722s/381440.jpg,781,262,0.0
9604,17262206,17262206,23859199,25,038553292X,9780385532920.0,Scott Anderson,2013.0,Lawrence in Arabia,"Lawrence in Arabia: War, Deceit, Imperial Folly, and the Making of the Modern Middle East",eng,4.12,7654,9085,1066,133,315,1413,3661,3563,https://images.gr-assets.com/books/1363837257m/17262206.jpg,https://images.gr-assets.com/books/1363837257s/17262206.jpg,609,609,240.0
9649,205218,205218,1218789,228,140435719,9780140435720.0,"Baruch Spinoza, Edwin M. Curley, Stuart Hampshire, Edwin Curley",1677.0,Ethica: Ordine geometrico demonstrata,Ethics,,4.01,9342,9913,252,210,572,2091,3122,3918,https://images.gr-assets.com/books/1462223700m/205218.jpg,https://images.gr-assets.com/books/1462223700s/205218.jpg,594,273,44.0
9666,21480734,21480734,40787528,27,385347375,9780385347370.0,Christian Rudder,2014.0,Dataclysm: Who We Are (When We Think No One's Looking),Dataclysm: Who We Are (When We Think No One's Looking),eng,3.72,7204,8409,952,217,576,2347,3435,1834,https://images.gr-assets.com/books/1407763834m/21480734.jpg,https://images.gr-assets.com/books/1407763834s/21480734.jpg,1385,786,0.0
9667,94578,94578,2382792,176,394719859,9780394719860.0,"Friedrich Nietzsche, Walter Kaufmann",1882.0,Die fröhliche Wissenschaft,The Gay Science,eng,4.26,8655,9776,295,110,290,1422,3119,4835,https://images.gr-assets.com/books/1374735026m/94578.jpg,https://images.gr-assets.com/books/1374735026s/94578.jpg,534,174,48.0
9680,18594634,18594634,32695230,26,804140847,9780804140840.0,Arianna Huffington,2014.0,"Thrive: The Third Metric to Redefining Success and Creating a Life of Well-Being, Wisdom, and Wonder","Thrive: The Third Metric to Redefining Success and Creating a Life of Well-Being, Wisdom, and Wonder",eng,3.68,8261,9591,963,328,860,2733,3316,2354,https://images.gr-assets.com/books/1400873884m/18594634.jpg,https://images.gr-assets.com/books/1400873884s/18594634.jpg,763,383,62.0
9688,136977,136977,183281,32,1590304497,9781590304500.0,Pema Chödrön,2001.0,The Places That Scare You: A Guide to Fearlessness in Difficult Times,The Places That Scare You: A Guide to Fearlessness in Difficult Times,,4.3,8344,9813,482,97,275,1197,3236,5008,https://s.gr-assets.com/assets/nophoto/book/111x148-bcc042a9c91a29c1d680899eff700a03.png,https://s.gr-assets.com/assets/nophoto/book/50x75-a91bf249278a81aabab721ef782c4a74.png,601,328,382.0
9700,15824358,15824358,72363,27,1422188612,9781422188610.0,Michael D. Watkins,2003.0,The First 90 Days: Critical Success Strategies for New Leaders at All Levels,"The First 90 Days, Updated and Expanded: Critical Success Strategies for New Leaders at All Levels",eng,3.81,5490,9105,493,151,609,2482,3473,2390,https://images.gr-assets.com/books/1354903827m/15824358.jpg,https://images.gr-assets.com/books/1354903827s/15824358.jpg,550,151,0.0
9726,17934655,17934655,25142547,18,1555976719,9781555976710.0,Leslie Jamison,2014.0,The Empathy Exams: Essays,The Empathy Exams: Essays,eng,3.62,9280,9744,1256,478,1154,2408,3217,2487,https://images.gr-assets.com/books/1405924561m/17934655.jpg,https://images.gr-assets.com/books/1405924561s/17934655.jpg,1316,1182,175.0
9732,3028,3028,6894,53,517548233,9780517548230.0,Henry Hazlitt,1946.0,Economics in One Lesson,Economics in One Lesson: The Shortest & Surest Way to Understand Basic Economics,,4.22,9028,10129,823,200,393,1425,3069,5042,https://images.gr-assets.com/books/1320423284m/3028.jpg,https://images.gr-assets.com/books/1320423284s/3028.jpg,1762,447,0.0
9766,19400,19400,3209631,281,375758119,9780375758120.0,"Edward Gibbon, Daniel J. Boorstin, Gian Battista Piranesi, Hans-Friedrich Mueller",1776.0,The History of the Decline and Fall of the Roman Empire,The Decline and Fall of the Roman Empire,eng,3.96,8182,9750,382,217,520,2141,3405,3467,https://s.gr-assets.com/assets/nophoto/book/111x148-bcc042a9c91a29c1d680899eff700a03.png,https://s.gr-assets.com/assets/nophoto/book/50x75-a91bf249278a81aabab721ef782c4a74.png,552,548,0.0
9808,1098486,1098486,1085345,17,140130138X,9781401301380.0,Elyn R. Saks,2007.0,The Center Cannot Hold,The Center Cannot Hold: My Journey Through Madness,eng,4.22,7533,8974,883,93,286,1282,3168,4145,https://s.gr-assets.com/assets/nophoto/book/111x148-bcc042a9c91a29c1d680899eff700a03.png,https://s.gr-assets.com/assets/nophoto/book/50x75-a91bf249278a81aabab721ef782c4a74.png,741,425,571.0
9809,25614984,25614984,45694823,45,1607749726,9781607749720.0,Marie Kondō,2016.0,,Spark Joy: An Illustrated Master Class on the Art of Organizing and Tidying Up,eng,3.82,10483,12796,1632,200,926,3476,4616,3578,https://images.gr-assets.com/books/1435598787m/25614984.jpg,https://images.gr-assets.com/books/1435598787s/25614984.jpg,1349,1012,11.0
9834,25014,25014,1413457,27,60931809,9780060931800.0,Simon Winchester,2001.0,The Map That Changed the World: William Smith and the Birth of Modern Geology,The Map That Changed the World,eng,3.81,9131,9788,515,158,597,2684,3817,2532,https://s.gr-assets.com/assets/nophoto/book/111x148-bcc042a9c91a29c1d680899eff700a03.png,https://s.gr-assets.com/assets/nophoto/book/50x75-a91bf249278a81aabab721ef782c4a74.png,1021,612,151.0
9842,24019187,24019187,43618137,12,1250058902,9781250058900.0,Brandon Stanton,2015.0,Humans of New York: Stories,Humans of New York: Stories,eng,4.5,12527,12852,1210,191,211,901,3231,8318,https://images.gr-assets.com/books/1430176879m/24019187.jpg,https://images.gr-assets.com/books/1430176879s/24019187.jpg,843,843,76.0
9847,20685373,20685373,40000267,18,307720659,9780307720660.0,Suki Kim,2014.0,"Without You, There Is No Us: My Time with the Sons of North Korea's Elite","Without You, There Is No Us: My Time with the Sons of North Korea's Elite",,3.85,8164,10002,1426,145,523,2526,4328,2480,https://images.gr-assets.com/books/1405292426m/20685373.jpg,https://images.gr-assets.com/books/1405292426s/20685373.jpg,828,828,503.0
9874,64794,64794,1237369,32,60959681,9780060959680.0,Gary Zukav,1979.0,The Dancing Wu Li Masters: An Overview of the New Physics,Dancing Wu Li Masters: An Overview of the New Physics (Perennial Classics),en-US,4.02,7739,8403,358,184,397,1691,2931,3200,https://images.gr-assets.com/books/1410138626m/64794.jpg,https://images.gr-assets.com/books/1410138626s/64794.jpg,718,249,90.0
9878,13426114,13426114,18912407,52,62183591,9780062183590.0,Dan Ariely,2012.0,The Honest Truth About Dishonesty: How We Lie to Everyone - Especially Ourselves,The Honest Truth About Dishonesty: How We Lie to Everyone - Especially Ourselves,eng,3.91,8423,9646,803,142,449,2282,4014,2759,https://images.gr-assets.com/books/1331070373m/13426114.jpg,https://images.gr-assets.com/books/1331070373s/13426114.jpg,813,251,0.0
9899,25813921,27213329,45670634,32,1442397144,9781442397150.0,Angela Duckworth,2016.0,"Grit: Passion, Perseverance, and the Science of Success","Grit: Passion, Perseverance, and the Science of Success",eng,4.08,7971,17123,1634,303,657,3023,6540,6600,https://images.gr-assets.com/books/1458533580m/25813921.jpg,https://images.gr-assets.com/books/1458533580s/25813921.jpg,2038,914,46.0
9939,8034188,8034188,12645873,37,1594487715,9781594487710.0,Steven Johnson,2010.0,,Where Good Ideas Come From: The Natural History of Innovation,eng,4.03,7696,8565,661,107,373,1702,3323,3060,https://images.gr-assets.com/books/1311705993m/8034188.jpg,https://images.gr-assets.com/books/1311705993s/8034188.jpg,1377,553,0.0
9944,16158498,16158498,21998914,26,670026557,9780670026560.0,Adam M. Grant,2013.0,Give and Take: A Revolutionary Approach to Success,Give and Take: A Revolutionary Approach to Success,eng,4.06,9918,11262,839,217,489,2051,4144,4361,https://images.gr-assets.com/books/1356136579m/16158498.jpg,https://images.gr-assets.com/books/1356136579s/16158498.jpg,1695,506,0.0
9946,3559,3559,304487,31,385413726,9780385413720.0,Thomas L. Friedman,1989.0,From Beirut to Jerusalem,From Beirut to Jerusalem,en-US,4.1,8057,8600,704,83,282,1457,3667,3111,https://images.gr-assets.com/books/1328295618m/3559.jpg,https://images.gr-assets.com/books/1328295618s/3559.jpg,510,500,88.0
9949,1824,1824,819599,53,743270606,9780743270600.0,Jon Ronson,2004.0,The Men Who Stare at Goats,The Men Who Stare at Goats,en-US,3.58,8245,10662,1025,235,976,3538,4152,1761,https://s.gr-assets.com/assets/nophoto/book/111x148-bcc042a9c91a29c1d680899eff700a03.png,https://s.gr-assets.com/assets/nophoto/book/50x75-a91bf249278a81aabab721ef782c4a74.png,867,829,126.0
9957,6332526,6332526,6518250,36,1416583408,9781416583400.0,Alexandra Horowitz,2009.0,,"Inside of a Dog: What Dogs See, Smell, and Know",en-GB,3.55,8770,10386,1611,324,1143,3452,3447,2020,https://s.gr-assets.com/assets/nophoto/book/111x148-bcc042a9c91a29c1d680899eff700a03.png,https://s.gr-assets.com/assets/nophoto/book/50x75-a91bf249278a81aabab721ef782c4a74.png,937,765,0.0
9962,52588,52588,1135362,6,1580050751,9781580050750.0,"Inga Muscio, Betty Dodson",1998.0,Cunt: A Declaration of Independence,Cunt: A Declaration of Independence,en-GB,3.88,8203,8627,841,279,676,1864,2805,3003,https://s.gr-assets.com/assets/nophoto/book/111x148-bcc042a9c91a29c1d680899eff700a03.png,https://s.gr-assets.com/assets/nophoto/book/50x75-a91bf249278a81aabab721ef782c4a74.png,723,694,38.0
9969,23013953,23013953,40087473,67,1771641495,9781771641490.0,"Giulia Enders, Jill Enders",2014.0,Darm mit Charme,Gut: The Inside Story of Our Body’s Most Underrated Organ,eng,3.99,5973,12156,1394,92,452,2588,5329,3695,https://images.gr-assets.com/books/1435168687m/23013953.jpg,https://images.gr-assets.com/books/1435168687s/23013953.jpg,1271,895,54.0
9973,849380,849380,4370,52,609805797,9780609805790.0,"John M. Gottman, Nan Silver",1999.0,The Seven Principles for Making Marriage Work: A Practical Guide from the Country's Foremost Relationship Expert,The Seven Principles for Making Marriage Work: A Practical Guide from the Country's Foremost Relationship Expert,,4.19,8868,10017,749,126,334,1604,3446,4507,https://images.gr-assets.com/books/1320521960m/849380.jpg,https://images.gr-assets.com/books/1320521960s/849380.jpg,763,441,30.0
9999,8565083,8565083,13433613,7,61711527,9780061711530.0,Peggy Orenstein,2011.0,Cinderella Ate My Daughter: Dispatches from the Frontlines of the New Girlie-Girl Culture,Cinderella Ate My Daughter: Dispatches from the Frontlines of the New Girlie-Girl Culture,eng,3.65,11279,11994,1988,275,1002,3765,4577,2375,https://images.gr-assets.com/books/1279214118m/8565083.jpg,https://images.gr-assets.com/books/1279214118s/8565083.jpg,1472,1366,447.0
